mo_id,region,district,year,month,month_idx,population,elderly_share,admitted,discharged,transferred,deaths,letality_pct_fact,letality_pct_plan,vacancy_reanim_pct,vacancy_cardio_pct,vacancy_surgeon_pct,ivl_units,ct_units,angiograph_units,ivl_avg_age_years,time_to_ivl_min,federal_project
МО-А01,Регион А,Район-А01,2022,январь,1,91803,0.225,74,69,1,4,5.41,,11.1,5.7,7.7,7,1,1,3.6,48.3,Развитие здравоохранения
МО-А01,Регион А,Район-А01,2022,февраль,2,91803,0.225,40,38,1,1,2.5,,8.3,8.1,7.9,7,0,0,5.3,41.4,Развитие здравоохранения
МО-А01,Регион А,Район-А01,2022,март,3,91803,0.225,40,37,1,2,5.0,,9.5,6.9,4.1,6,1,1,4.4,61.3,Развитие здравоохранения
МО-А01,Регион А,Район-А01,2022,апрель,4,91803,0.225,607,559,19,29,4.78,,9.5,9.3,6.2,9,2,1,6.3,40.5,Развитие здравоохранения
МО-А01,Регион А,Район-А01,2022,май,5,91803,0.225,40,39,0,1,2.5,,8.2,6.9,4.3,6,1,0,4.0,53.4,Развитие здравоохранения
МО-А01,Регион А,Район-А01,2022,июнь,6,91803,0.225,779,722,21,36,4.62,,8.5,6.8,4.3,8,2,0,2.6,43.2,Развитие здравоохранения
МО-А01,Регион А,Район-А01,2022,июль,7,91803,0.225,40,36,2,2,5.0,,8.5,5.8,7.5,4,0,0,5.4,53.9,Развитие здравоохранения
МО-А01,Регион А,Район-А01,2022,август,8,91803,0.225,534,486,25,23,4.31,,11.2,9.6,6.8,7,0,1,5.4,50.6,Развитие здравоохранения
МО-А01,Регион А,Район-А01,2022,сентябрь,9,91803,0.225,40,38,1,1,2.5,,7.8,5.4,4.0,4,3,0,4.5,57.9,Развитие здравоохранения
МО-А01,Регион А,Район-А01,2022,октябрь,10,91803,0.225,40,37,1,2,5.0,,8.9,7.1,6.2,5,2,1,5.3,58.5,Развитие здравоохранения
МО-А01,Регион А,Район-А01,2022,ноябрь,11,91803,0.225,811,749,22,40,4.93,,10.0,8.9,4.1,6,3,1,3.0,28.3,Развитие здравоохранения
МО-А01,Регион А,Район-А01,2022,декабрь,12,91803,0.225,741,683,23,35,4.72,,9.7,7.2,6.8,4,0,0,4.7,41.1,Развитие здравоохранения
МО-А01,Регион А,Район-А01,2023,январь,1,91803,0.225,180,167,5,8,4.44,3.99,11.3,6.9,6.2,4,0,1,2.7,62.1,Развитие здравоохранения
МО-А01,Регион А,Район-А01,2023,февраль,2,91803,0.225,681,631,22,28,4.11,4.04,8.6,9.3,5.5,7,0,0,3.5,44.4,Развитие здравоохранения
МО-А01,Регион А,Район-А01,2023,март,3,91803,0.225,111,101,5,5,4.5,4.16,10.6,8.7,7.8,10,2,0,3.5,63.9,Развитие здравоохранения
МО-А01,Регион А,Район-А01,2023,апрель,4,91803,0.225,185,170,8,7,3.78,4.0,9.4,9.7,5.4,6,1,1,7.1,51.0,Развитие здравоохранения
МО-А01,Регион А,Район-А01,2023,май,5,91803,0.225,137,124,7,6,4.38,3.98,8.0,7.0,6.9,8,2,1,3.9,54.3,Развитие здравоохранения
МО-А01,Регион А,Район-А01,2023,июнь,6,91803,0.225,218,202,6,10,4.59,4.01,10.5,7.4,7.1,7,1,0,2.5,54.1,Развитие здравоохранения
МО-А01,Регион А,Район-А01,2023,июль,7,91803,0.225,427,392,18,17,3.98,4.2,11.5,8.9,4.1,6,2,1,6.3,39.5,Развитие здравоохранения
МО-А01,Регион А,Район-А01,2023,август,8,91803,0.225,516,475,20,21,4.07,4.18,8.2,8.0,5.5,8,3,1,2.5,50.4,Развитие здравоохранения
МО-А01,Регион А,Район-А01,2023,сентябрь,9,91803,0.225,347,321,11,15,4.32,4.12,8.1,6.7,7.6,5,0,1,5.4,58.1,Развитие здравоохранения
МО-А01,Регион А,Район-А01,2023,октябрь,10,91803,0.225,40,38,1,1,2.5,4.09,9.6,9.0,7.8,7,1,1,4.1,50.3,Развитие здравоохранения
МО-А01,Регион А,Район-А01,2023,ноябрь,11,91803,0.225,687,640,22,25,3.64,4.25,8.4,5.2,7.6,2,1,0,4.4,46.0,Развитие здравоохранения
МО-А01,Регион А,Район-А01,2023,декабрь,12,91803,0.225,40,38,1,1,2.5,4.05,9.3,8.2,6.6,4,1,1,4.1,48.4,Развитие здравоохранения
МО-А01,Регион А,Район-А01,2024,январь,1,91803,0.225,201,182,9,10,4.98,4.1,8.6,7.5,7.7,9,0,0,6.0,38.8,Развитие здравоохранения
МО-А01,Регион А,Район-А01,2024,февраль,2,91803,0.225,54,51,1,2,3.7,4.07,10.6,8.5,4.5,7,2,0,5.6,56.5,Развитие здравоохранения
МО-А01,Регион А,Район-А01,2024,март,3,91803,0.225,40,39,0,1,2.5,4.2,10.1,6.0,7.7,6,1,0,4.4,51.9,Развитие здравоохранения
МО-А01,Регион А,Район-А01,2024,апрель,4,91803,0.225,40,39,0,1,2.5,4.16,8.3,6.3,7.5,9,0,1,5.5,24.9,Развитие здравоохранения
МО-А01,Регион А,Район-А01,2024,май,5,91803,0.225,40,38,1,1,2.5,4.14,9.1,6.2,7.7,5,1,0,3.6,39.2,Развитие здравоохранения
МО-А01,Регион А,Район-А01,2024,июнь,6,91803,0.225,312,283,16,13,4.17,4.07,8.2,8.3,7.9,8,2,1,5.3,41.4,Развитие здравоохранения
МО-А01,Регион А,Район-А01,2024,июль,7,91803,0.225,40,38,1,1,2.5,4.12,9.3,6.1,6.3,7,0,1,5.6,45.1,Развитие здравоохранения
МО-А01,Регион А,Район-А01,2024,август,8,91803,0.225,1149,1079,28,42,3.66,4.18,8.3,8.3,8.1,6,2,1,1.5,49.7,Развитие здравоохранения
МО-А01,Регион А,Район-А01,2024,сентябрь,9,91803,0.225,719,654,31,34,4.73,4.09,8.2,7.6,4.1,6,2,1,5.3,46.9,Развитие здравоохранения
МО-А01,Регион А,Район-А01,2024,октябрь,10,91803,0.225,40,38,1,1,2.5,3.98,11.3,9.2,4.9,7,2,0,5.0,57.1,Развитие здравоохранения
МО-А01,Регион А,Район-А01,2024,ноябрь,11,91803,0.225,633,580,26,27,4.27,4.23,10.8,7.2,7.4,5,0,0,2.3,50.9,Развитие здравоохранения
МО-А01,Регион А,Район-А01,2024,декабрь,12,91803,0.225,40,37,1,2,5.0,4.2,10.4,6.9,5.0,7,0,1,7.0,46.2,Развитие здравоохранения
МО-А02,Регион А,Район-А02,2022,январь,1,66645,0.215,179,164,7,8,4.47,,7.7,5.9,4.7,4,2,1,4.6,56.9,Развитие здравоохранения
МО-А02,Регион А,Район-А02,2022,февраль,2,66645,0.215,124,115,4,5,4.03,,8.0,3.9,6.0,6,1,1,4.1,41.2,Развитие здравоохранения
МО-А02,Регион А,Район-А02,2022,март,3,66645,0.215,40,38,1,1,2.5,,6.6,3.6,5.7,3,2,1,1.3,53.0,Развитие здравоохранения
МО-А02,Регион А,Район-А02,2022,апрель,4,66645,0.215,116,109,3,4,3.45,,5.9,4.3,3.1,8,1,1,4.9,53.5,Развитие здравоохранения
МО-А02,Регион А,Район-А02,2022,май,5,66645,0.215,186,173,6,7,3.76,,6.7,4.6,4.1,7,2,0,4.6,57.8,Развитие здравоохранения
МО-А02,Регион А,Район-А02,2022,июнь,6,66645,0.215,40,39,0,1,2.5,,5.7,5.1,4.2,6,0,1,4.2,60.1,Развитие здравоохранения
МО-А02,Регион А,Район-А02,2022,июль,7,66645,0.215,119,109,5,5,4.2,,7.7,4.5,4.2,12,3,1,5.0,66.6,Развитие здравоохранения
МО-А02,Регион А,Район-А02,2022,август,8,66645,0.215,40,38,1,1,2.5,,8.0,5.0,2.8,11,0,1,2.9,67.8,Развитие здравоохранения
МО-А02,Регион А,Район-А02,2022,сентябрь,9,66645,0.215,998,900,53,45,4.51,,6.6,4.7,4.9,7,0,0,6.2,48.6,Развитие здравоохранения
МО-А02,Регион А,Район-А02,2022,октябрь,10,66645,0.215,40,38,1,1,2.5,,7.1,4.4,4.3,6,0,0,2.9,56.7,Развитие здравоохранения
МО-А02,Регион А,Район-А02,2022,ноябрь,11,66645,0.215,79,74,2,3,3.8,,8.2,4.6,4.3,8,1,0,3.1,36.5,Развитие здравоохранения
МО-А02,Регион А,Район-А02,2022,декабрь,12,66645,0.215,601,551,21,29,4.83,,8.0,5.9,5.4,7,0,0,3.5,44.4,Развитие здравоохранения
МО-А02,Регион А,Район-А02,2023,январь,1,66645,0.215,839,761,39,39,4.65,3.87,7.8,6.3,4.0,7,2,1,3.8,45.7,Развитие здравоохранения
МО-А02,Регион А,Район-А02,2023,февраль,2,66645,0.215,40,38,1,1,2.5,3.78,6.3,6.6,4.0,8,2,1,3.1,56.5,Развитие здравоохранения
МО-А02,Регион А,Район-А02,2023,март,3,66645,0.215,260,243,8,9,3.46,4.03,7.5,4.2,3.4,9,2,0,5.2,38.7,Развитие здравоохранения
МО-А02,Регион А,Район-А02,2023,апрель,4,66645,0.215,40,38,1,1,2.5,3.96,7.1,3.7,3.2,7,2,1,2.9,43.2,Развитие здравоохранения
МО-А02,Регион А,Район-А02,2023,май,5,66645,0.215,40,38,1,1,2.5,4.05,7.4,5.3,3.6,6,0,0,5.8,41.7,Развитие здравоохранения
МО-А02,Регион А,Район-А02,2023,июнь,6,66645,0.215,324,298,12,14,4.32,4.05,6.3,5.8,4.4,6,0,1,4.7,40.6,Развитие здравоохранения
МО-А02,Регион А,Район-А02,2023,июль,7,66645,0.215,161,151,3,7,4.35,3.83,5.7,5.4,2.8,9,1,0,3.3,45.0,Развитие здравоохранения
МО-А02,Регион А,Район-А02,2023,август,8,66645,0.215,222,205,9,8,3.6,3.8,6.8,6.2,4.8,8,1,0,3.9,49.0,Развитие здравоохранения
МО-А02,Регион А,Район-А02,2023,сентябрь,9,66645,0.215,244,228,8,8,3.28,3.99,8.1,6.1,4.9,9,1,0,3.3,45.5,Развитие здравоохранения
МО-А02,Регион А,Район-А02,2023,октябрь,10,66645,0.215,302,275,16,11,3.64,3.79,5.9,6.6,4.3,7,1,1,5.9,48.7,Развитие здравоохранения
МО-А02,Регион А,Район-А02,2023,ноябрь,11,66645,0.215,40,39,0,1,2.5,3.98,6.2,5.5,5.0,6,2,1,4.7,28.5,Развитие здравоохранения
МО-А02,Регион А,Район-А02,2023,декабрь,12,66645,0.215,40,36,2,2,5.0,3.9,6.4,4.1,3.1,5,1,0,4.1,39.5,Развитие здравоохранения
МО-А02,Регион А,Район-А02,2024,январь,1,66645,0.215,40,38,1,1,2.5,3.98,6.7,4.3,5.5,5,2,1,0.4,53.0,Развитие здравоохранения
МО-А02,Регион А,Район-А02,2024,февраль,2,66645,0.215,230,208,11,11,4.78,3.81,6.4,4.6,4.0,5,3,1,3.6,42.1,Развитие здравоохранения
МО-А02,Регион А,Район-А02,2024,март,3,66645,0.215,40,38,1,1,2.5,3.83,6.1,6.6,5.5,7,0,1,2.4,22.8,Развитие здравоохранения
МО-А02,Регион А,Район-А02,2024,апрель,4,66645,0.215,40,37,2,1,2.5,3.95,6.7,4.0,4.3,6,1,0,3.9,45.7,Развитие здравоохранения
МО-А02,Регион А,Район-А02,2024,май,5,66645,0.215,262,245,7,10,3.82,3.98,8.2,4.6,5.3,8,1,1,5.3,46.8,Развитие здравоохранения
МО-А02,Регион А,Район-А02,2024,июнь,6,66645,0.215,295,276,9,10,3.39,3.83,7.1,6.1,2.9,7,2,1,5.3,60.4,Развитие здравоохранения
МО-А02,Регион А,Район-А02,2024,июль,7,66645,0.215,163,152,4,7,4.29,3.78,7.8,6.6,2.8,5,1,0,4.0,42.9,Развитие здравоохранения
МО-А02,Регион А,Район-А02,2024,август,8,66645,0.215,483,441,25,17,3.52,3.96,8.1,6.8,6.2,6,3,0,4.6,48.9,Развитие здравоохранения
МО-А02,Регион А,Район-А02,2024,сентябрь,9,66645,0.215,749,696,26,27,3.6,3.88,7.2,6.8,3.6,5,3,1,4.5,55.0,Развитие здравоохранения
МО-А02,Регион А,Район-А02,2024,октябрь,10,66645,0.215,295,270,15,10,3.39,4.02,7.9,6.8,5.8,5,1,1,1.7,49.0,Развитие здравоохранения
МО-А02,Регион А,Район-А02,2024,ноябрь,11,66645,0.215,586,535,26,25,4.27,3.92,6.9,5.1,3.9,8,0,1,3.5,36.2,Развитие здравоохранения
МО-А02,Регион А,Район-А02,2024,декабрь,12,66645,0.215,183,167,7,9,4.92,3.78,6.1,4.2,5.7,9,1,1,5.3,37.4,Развитие здравоохранения
МО-А03,Регион А,Район-А03,2022,январь,1,71764,0.159,558,520,13,25,4.48,,7.9,5.5,5.6,7,0,1,1.8,50.9,Развитие здравоохранения
МО-А03,Регион А,Район-А03,2022,февраль,2,71764,0.159,40,38,1,1,2.5,,7.3,6.7,4.7,9,3,1,1.1,45.0,Развитие здравоохранения
МО-А03,Регион А,Район-А03,2022,март,3,71764,0.159,422,396,9,17,4.03,,7.1,4.9,4.6,3,1,2,2.8,39.8,Развитие здравоохранения
МО-А03,Регион А,Район-А03,2022,апрель,4,71764,0.159,40,37,1,2,5.0,,9.5,4.1,4.5,1,2,0,2.0,53.9,Развитие здравоохранения
МО-А03,Регион А,Район-А03,2022,май,5,71764,0.159,40,36,2,2,5.0,,7.0,5.7,4.2,6,1,0,0.7,44.1,Развитие здравоохранения
МО-А03,Регион А,Район-А03,2022,июнь,6,71764,0.159,266,244,8,14,5.26,,7.1,7.2,6.1,4,2,1,1.9,42.9,Развитие здравоохранения
МО-А03,Регион А,Район-А03,2022,июль,7,71764,0.159,73,67,3,3,4.11,,9.2,5.4,4.9,7,1,0,3.6,39.0,Развитие здравоохранения
МО-А03,Регион А,Район-А03,2022,август,8,71764,0.159,203,187,5,11,5.42,,9.6,5.4,5.8,8,0,0,6.1,32.8,Развитие здравоохранения
МО-А03,Регион А,Район-А03,2022,сентябрь,9,71764,0.159,340,317,8,15,4.41,,8.3,5.9,6.9,9,2,1,2.9,46.8,Развитие здравоохранения
МО-А03,Регион А,Район-А03,2022,октябрь,10,71764,0.159,83,76,4,3,3.61,,7.4,5.0,5.9,5,2,1,2.4,45.5,Развитие здравоохранения
МО-А03,Регион А,Район-А03,2022,ноябрь,11,71764,0.159,473,434,19,20,4.23,,8.0,4.3,7.1,6,2,0,3.7,55.2,Развитие здравоохранения
МО-А03,Регион А,Район-А03,2022,декабрь,12,71764,0.159,137,125,5,7,5.11,,8.1,6.8,4.4,5,2,1,4.7,50.3,Развитие здравоохранения
МО-А03,Регион А,Район-А03,2023,январь,1,71764,0.159,394,351,21,22,5.58,4.41,8.4,7.0,4.4,5,2,0,2.6,35.6,Развитие здравоохранения
МО-А03,Регион А,Район-А03,2023,февраль,2,71764,0.159,93,86,2,5,5.38,4.34,9.4,7.0,5.1,10,2,0,1.9,45.8,Развитие здравоохранения
МО-А03,Регион А,Район-А03,2023,март,3,71764,0.159,489,450,15,24,4.91,4.46,7.4,7.8,6.1,7,1,0,-1.4,47.1,Развитие здравоохранения
МО-А03,Регион А,Район-А03,2023,апрель,4,71764,0.159,40,39,0,1,2.5,4.5,7.6,5.9,4.3,5,0,0,5.4,51.9,Развитие здравоохранения
МО-А03,Регион А,Район-А03,2023,май,5,71764,0.159,238,215,12,11,4.62,4.39,6.5,4.5,7.0,6,1,1,2.7,45.0,Развитие здравоохранения
МО-А03,Регион А,Район-А03,2023,июнь,6,71764,0.159,40,37,1,2,5.0,4.52,9.2,4.7,3.3,7,2,1,1.8,47.1,Развитие здравоохранения
МО-А03,Регион А,Район-А03,2023,июль,7,71764,0.159,777,716,20,41,5.28,4.37,7.2,4.2,6.0,9,2,1,4.7,33.3,Развитие здравоохранения
МО-А03,Регион А,Район-А03,2023,август,8,71764,0.159,40,37,1,2,5.0,4.36,6.7,4.1,6.4,5,2,0,2.5,49.2,Развитие здравоохранения
МО-А03,Регион А,Район-А03,2023,сентябрь,9,71764,0.159,554,508,18,28,5.05,4.32,8.7,5.0,6.8,9,2,0,3.7,52.3,Развитие здравоохранения
МО-А03,Регион А,Район-А03,2023,октябрь,10,71764,0.159,91,85,3,3,3.3,4.32,7.2,6.3,7.1,8,2,1,2.7,49.7,Развитие здравоохранения
МО-А03,Регион А,Район-А03,2023,ноябрь,11,71764,0.159,40,38,1,1,2.5,4.28,9.1,6.7,4.7,9,2,1,2.6,58.9,Развитие здравоохранения
МО-А03,Регион А,Район-А03,2023,декабрь,12,71764,0.159,404,360,24,20,4.95,4.53,7.0,7.9,5.7,7,3,0,1.5,26.2,Развитие здравоохранения
МО-А03,Регион А,Район-А03,2024,январь,1,71764,0.159,127,114,7,6,4.72,4.36,9.3,6.0,4.6,6,0,0,1.7,56.7,Развитие здравоохранения
МО-А03,Регион А,Район-А03,2024,февраль,2,71764,0.159,291,267,8,16,5.5,4.45,9.4,5.3,6.2,10,2,0,4.6,51.9,Развитие здравоохранения
МО-А03,Регион А,Район-А03,2024,март,3,71764,0.159,179,169,3,7,3.91,4.55,8.4,7.9,6.2,9,1,1,1.7,37.0,Развитие здравоохранения
МО-А03,Регион А,Район-А03,2024,апрель,4,71764,0.159,40,38,1,1,2.5,4.27,9.2,5.4,4.2,7,0,0,2.7,43.6,Развитие здравоохранения
МО-А03,Регион А,Район-А03,2024,май,5,71764,0.159,40,38,1,1,2.5,4.36,7.9,4.1,6.8,5,2,1,2.7,43.5,Развитие здравоохранения
МО-А03,Регион А,Район-А03,2024,июнь,6,71764,0.159,283,255,15,13,4.59,4.55,7.3,4.4,6.2,8,1,1,3.3,50.9,Развитие здравоохранения
МО-А03,Регион А,Район-А03,2024,июль,7,71764,0.159,241,220,10,11,4.56,4.35,9.0,4.4,7.2,9,1,1,1.6,51.9,Развитие здравоохранения
МО-А03,Регион А,Район-А03,2024,август,8,71764,0.159,181,164,9,8,4.42,4.27,7.7,7.5,6.3,4,3,0,4.7,57.1,Развитие здравоохранения
МО-А03,Регион А,Район-А03,2024,сентябрь,9,71764,0.159,220,204,7,9,4.09,4.45,6.7,4.6,5.2,10,2,1,5.0,45.8,Развитие здравоохранения
МО-А03,Регион А,Район-А03,2024,октябрь,10,71764,0.159,174,156,10,8,4.6,4.57,7.7,6.0,5.8,5,1,0,6.6,50.9,Развитие здравоохранения
МО-А03,Регион А,Район-А03,2024,ноябрь,11,71764,0.159,40,38,1,1,2.5,4.34,9.5,7.0,5.3,9,0,1,2.6,38.3,Развитие здравоохранения
МО-А03,Регион А,Район-А03,2024,декабрь,12,71764,0.159,763,712,16,35,4.59,4.52,8.5,6.8,6.1,6,1,0,1.1,51.1,Развитие здравоохранения
МО-А04,Регион А,Район-А04,2022,январь,1,72815,0.196,229,212,4,13,5.68,,7.9,5.9,6.1,9,0,1,4.7,41.2,Развитие здравоохранения
МО-А04,Регион А,Район-А04,2022,февраль,2,72815,0.196,385,355,12,18,4.68,,8.5,5.9,4.2,9,1,1,4.9,38.7,Развитие здравоохранения
МО-А04,Регион А,Район-А04,2022,март,3,72815,0.196,681,630,17,34,4.99,,7.9,6.9,4.3,8,0,2,3.2,46.4,Развитие здравоохранения
МО-А04,Регион А,Район-А04,2022,апрель,4,72815,0.196,751,675,37,39,5.19,,6.2,4.9,5.4,8,2,1,4.7,41.5,Развитие здравоохранения
МО-А04,Регион А,Район-А04,2022,май,5,72815,0.196,334,304,16,14,4.19,,6.5,6.8,4.3,6,0,0,3.8,41.2,Развитие здравоохранения
МО-А04,Регион А,Район-А04,2022,июнь,6,72815,0.196,147,135,6,6,4.08,,7.1,6.0,3.2,9,3,1,5.2,46.1,Развитие здравоохранения
МО-А04,Регион А,Район-А04,2022,июль,7,72815,0.196,406,372,17,17,4.19,,8.5,6.3,6.2,7,0,1,1.9,51.1,Развитие здравоохранения
МО-А04,Регион А,Район-А04,2022,август,8,72815,0.196,1329,1189,61,79,5.94,,6.8,3.8,4.1,2,1,1,0.9,48.5,Развитие здравоохранения
МО-А04,Регион А,Район-А04,2022,сентябрь,9,72815,0.196,124,112,6,6,4.84,,6.5,6.1,5.8,3,0,1,2.3,37.1,Развитие здравоохранения
МО-А04,Регион А,Район-А04,2022,октябрь,10,72815,0.196,41,37,2,2,4.88,,5.8,4.9,3.0,7,2,0,1.3,47.4,Развитие здравоохранения
МО-А04,Регион А,Район-А04,2022,ноябрь,11,72815,0.196,40,37,2,1,2.5,,8.4,7.1,5.9,8,3,0,2.9,52.7,Развитие здравоохранения
МО-А04,Регион А,Район-А04,2022,декабрь,12,72815,0.196,517,468,20,29,5.61,,6.1,6.4,3.9,9,1,0,3.8,40.7,Развитие здравоохранения
МО-А04,Регион А,Район-А04,2023,январь,1,72815,0.196,72,67,2,3,4.17,4.33,7.9,5.9,3.2,7,0,1,5.0,62.4,Развитие здравоохранения
МО-А04,Регион А,Район-А04,2023,февраль,2,72815,0.196,750,694,22,34,4.53,4.42,8.3,4.0,3.3,5,0,0,5.1,54.1,Развитие здравоохранения
МО-А04,Регион А,Район-А04,2023,март,3,72815,0.196,827,751,36,40,4.84,4.47,6.8,6.1,5.5,3,0,1,0.4,39.2,Развитие здравоохранения
МО-А04,Регион А,Район-А04,2023,апрель,4,72815,0.196,335,315,7,13,3.88,4.29,7.8,6.9,5.5,5,2,1,5.4,30.9,Развитие здравоохранения
МО-А04,Регион А,Район-А04,2023,май,5,72815,0.196,224,207,9,8,3.57,4.53,8.5,4.7,4.2,7,1,0,1.2,46.4,Развитие здравоохранения
МО-А04,Регион А,Район-А04,2023,июнь,6,72815,0.196,306,282,11,13,4.25,4.31,8.4,6.6,4.7,9,0,1,4.5,57.0,Развитие здравоохранения
МО-А04,Регион А,Район-А04,2023,июль,7,72815,0.196,422,388,13,21,4.98,4.58,6.1,7.1,5.4,4,0,1,0.8,44.5,Развитие здравоохранения
МО-А04,Регион А,Район-А04,2023,август,8,72815,0.196,40,37,2,1,2.5,4.33,7.8,6.5,5.4,11,3,1,3.9,55.0,Развитие здравоохранения
МО-А04,Регион А,Район-А04,2023,сентябрь,9,72815,0.196,40,37,2,1,2.5,4.58,7.3,4.8,5.3,10,3,0,1.8,52.1,Развитие здравоохранения
МО-А04,Регион А,Район-А04,2023,октябрь,10,72815,0.196,126,115,6,5,3.97,4.39,6.1,6.3,4.9,10,2,0,2.8,35.6,Развитие здравоохранения
МО-А04,Регион А,Район-А04,2023,ноябрь,11,72815,0.196,344,318,10,16,4.65,4.31,6.3,6.3,5.5,8,3,1,1.2,38.9,Развитие здравоохранения
МО-А04,Регион А,Район-А04,2023,декабрь,12,72815,0.196,447,406,16,25,5.59,4.53,8.4,3.9,6.3,7,1,1,5.3,46.2,Развитие здравоохранения
МО-А04,Регион А,Район-А04,2024,январь,1,72815,0.196,40,37,1,2,5.0,4.28,6.4,5.3,5.3,4,3,0,1.5,53.3,Развитие здравоохранения
МО-А04,Регион А,Район-А04,2024,февраль,2,72815,0.196,392,350,21,21,5.36,4.47,6.5,5.9,4.2,4,2,1,1.0,45.6,Развитие здравоохранения
МО-А04,Регион А,Район-А04,2024,март,3,72815,0.196,164,150,7,7,4.27,4.35,7.9,6.4,3.5,7,0,1,1.4,51.1,Развитие здравоохранения
МО-А04,Регион А,Район-А04,2024,апрель,4,72815,0.196,349,314,18,17,4.87,4.32,8.1,3.6,4.9,7,0,0,1.4,47.8,Развитие здравоохранения
МО-А04,Регион А,Район-А04,2024,май,5,72815,0.196,40,39,0,1,2.5,4.5,8.5,6.8,3.5,5,1,0,0.6,42.9,Развитие здравоохранения
МО-А04,Регион А,Район-А04,2024,июнь,6,72815,0.196,379,354,10,15,3.96,4.44,8.2,3.7,6.4,7,0,0,1.7,45.0,Развитие здравоохранения
МО-А04,Регион А,Район-А04,2024,июль,7,72815,0.196,247,222,14,11,4.45,4.43,8.0,5.9,4.5,7,0,0,-1.2,43.7,Развитие здравоохранения
МО-А04,Регион А,Район-А04,2024,август,8,72815,0.196,40,39,0,1,2.5,4.52,6.4,4.3,3.9,9,3,0,2.3,41.3,Развитие здравоохранения
МО-А04,Регион А,Район-А04,2024,сентябрь,9,72815,0.196,121,114,2,5,4.13,4.35,6.8,6.8,4.3,8,2,1,1.1,50.8,Развитие здравоохранения
МО-А04,Регион А,Район-А04,2024,октябрь,10,72815,0.196,106,95,6,5,4.72,4.49,6.3,4.9,5.2,7,2,0,2.4,46.7,Развитие здравоохранения
МО-А04,Регион А,Район-А04,2024,ноябрь,11,72815,0.196,630,579,27,24,3.81,4.29,6.1,4.0,4.8,7,3,1,2.3,49.6,Развитие здравоохранения
МО-А04,Регион А,Район-А04,2024,декабрь,12,72815,0.196,135,127,2,6,4.44,4.38,8.5,4.9,3.2,11,2,0,3.0,41.0,Развитие здравоохранения
МО-А05,Регион А,Район-А05,2022,январь,1,131572,0.243,769,688,41,40,5.2,,7.7,6.0,6.4,9,3,2,2.2,51.3,Развитие здравоохранения
МО-А05,Регион А,Район-А05,2022,февраль,2,131572,0.243,344,309,18,17,4.94,,7.5,4.2,3.0,5,2,0,4.3,51.8,Развитие здравоохранения
МО-А05,Регион А,Район-А05,2022,март,3,131572,0.243,418,374,20,24,5.74,,6.8,6.1,5.7,10,3,2,3.8,36.2,Развитие здравоохранения
МО-А05,Регион А,Район-А05,2022,апрель,4,131572,0.243,326,290,17,19,5.83,,6.9,7.0,6.6,13,2,1,3.8,47.1,Развитие здравоохранения
МО-А05,Регион А,Район-А05,2022,май,5,131572,0.243,239,219,11,9,3.77,,7.7,5.6,6.3,6,3,0,0.8,45.8,Развитие здравоохранения
МО-А05,Регион А,Район-А05,2022,июнь,6,131572,0.243,40,37,1,2,5.0,,7.2,6.1,6.4,11,2,0,2.5,33.1,Развитие здравоохранения
МО-А05,Регион А,Район-А05,2022,июль,7,131572,0.243,477,424,26,27,5.66,,7.6,6.1,5.3,14,4,0,4.6,39.8,Развитие здравоохранения
МО-А05,Регион А,Район-А05,2022,август,8,131572,0.243,479,428,27,24,5.01,,7.3,5.2,4.4,11,4,1,3.3,55.9,Развитие здравоохранения
МО-А05,Регион А,Район-А05,2022,сентябрь,9,131572,0.243,472,438,13,21,4.45,,8.2,5.9,3.8,10,2,2,1.5,35.6,Развитие здравоохранения
МО-А05,Регион А,Район-А05,2022,октябрь,10,131572,0.243,1154,1058,39,57,4.94,,7.9,5.0,4.3,11,4,1,3.8,53.7,Развитие здравоохранения
МО-А05,Регион А,Район-А05,2022,ноябрь,11,131572,0.243,1054,978,27,49,4.65,,6.4,5.6,3.6,12,2,0,2.3,48.7,Развитие здравоохранения
МО-А05,Регион А,Район-А05,2022,декабрь,12,131572,0.243,62,58,2,2,3.23,,8.5,4.4,4.3,11,1,1,3.9,43.9,Развитие здравоохранения
МО-А05,Регион А,Район-А05,2023,январь,1,131572,0.243,508,459,25,24,4.72,4.45,6.5,4.5,4.8,11,2,0,1.6,49.6,Развитие здравоохранения
МО-А05,Регион А,Район-А05,2023,февраль,2,131572,0.243,759,686,38,35,4.61,4.44,7.5,7.2,6.2,8,2,1,3.5,47.3,Развитие здравоохранения
МО-А05,Регион А,Район-А05,2023,март,3,131572,0.243,871,805,25,41,4.71,4.38,7.1,7.4,5.8,13,2,1,0.7,46.8,Развитие здравоохранения
МО-А05,Регион А,Район-А05,2023,апрель,4,131572,0.243,443,411,13,19,4.29,4.41,8.6,7.5,3.9,12,3,0,2.5,33.9,Развитие здравоохранения
МО-А05,Регион А,Район-А05,2023,май,5,131572,0.243,203,183,12,8,3.94,4.35,7.9,4.6,3.5,8,5,1,4.7,43.2,Развитие здравоохранения
МО-А05,Регион А,Район-А05,2023,июнь,6,131572,0.243,224,208,8,8,3.57,4.27,7.9,4.6,4.3,10,1,1,2.5,41.5,Развитие здравоохранения
МО-А05,Регион А,Район-А05,2023,июль,7,131572,0.243,374,344,13,17,4.55,4.27,6.2,3.9,3.2,12,2,0,0.0,47.4,Развитие здравоохранения
МО-А05,Регион А,Район-А05,2023,август,8,131572,0.243,777,713,26,38,4.89,4.26,6.3,3.8,5.1,11,3,0,3.2,36.9,Развитие здравоохранения
МО-А05,Регион А,Район-А05,2023,сентябрь,9,131572,0.243,583,533,26,24,4.12,4.24,7.2,7.1,3.5,8,2,0,0.4,36.7,Развитие здравоохранения
МО-А05,Регион А,Район-А05,2023,октябрь,10,131572,0.243,196,176,11,9,4.59,4.19,7.7,5.1,5.7,10,3,0,3.2,44.2,Развитие здравоохранения
МО-А05,Регион А,Район-А05,2023,ноябрь,11,131572,0.243,736,667,40,29,3.94,4.43,8.8,7.4,6.4,13,1,1,3.7,46.6,Развитие здравоохранения
МО-А05,Регион А,Район-А05,2023,декабрь,12,131572,0.243,40,39,0,1,2.5,4.36,8.1,4.2,3.2,13,1,0,2.4,34.8,Развитие здравоохранения
МО-А05,Регион А,Район-А05,2024,январь,1,131572,0.243,40,36,2,2,5.0,4.22,8.3,5.2,5.9,13,2,1,3.6,51.8,Развитие здравоохранения
МО-А05,Регион А,Район-А05,2024,февраль,2,131572,0.243,642,574,33,35,5.45,4.31,8.2,5.7,4.2,14,3,1,2.4,45.7,Развитие здравоохранения
МО-А05,Регион А,Район-А05,2024,март,3,131572,0.243,904,847,23,34,3.76,4.44,8.8,4.8,6.0,11,2,0,4.1,39.3,Развитие здравоохранения
МО-А05,Регион А,Район-А05,2024,апрель,4,131572,0.243,1046,963,36,47,4.49,4.2,8.1,5.8,5.7,11,1,1,3.0,49.6,Развитие здравоохранения
МО-А05,Регион А,Район-А05,2024,май,5,131572,0.243,932,841,54,37,3.97,4.23,8.9,5.8,6.7,7,3,0,5.2,56.6,Развитие здравоохранения
МО-А05,Регион А,Район-А05,2024,июнь,6,131572,0.243,40,38,1,1,2.5,4.34,8.5,4.6,4.0,13,1,0,3.3,43.1,Развитие здравоохранения
МО-А05,Регион А,Район-А05,2024,июль,7,131572,0.243,559,502,31,26,4.65,4.2,6.6,4.5,6.3,14,3,1,3.0,33.4,Развитие здравоохранения
МО-А05,Регион А,Район-А05,2024,август,8,131572,0.243,827,766,29,32,3.87,4.36,6.2,4.0,3.9,11,5,0,4.7,50.1,Развитие здравоохранения
МО-А05,Регион А,Район-А05,2024,сентябрь,9,131572,0.243,264,244,9,11,4.17,4.18,8.5,6.6,5.4,7,3,1,4.0,50.0,Развитие здравоохранения
МО-А05,Регион А,Район-А05,2024,октябрь,10,131572,0.243,363,324,21,18,4.96,4.2,8.2,5.0,5.7,10,3,1,1.8,44.0,Развитие здравоохранения
МО-А05,Регион А,Район-А05,2024,ноябрь,11,131572,0.243,745,700,16,29,3.89,4.38,7.9,4.2,6.1,12,3,1,0.4,45.7,Развитие здравоохранения
МО-А05,Регион А,Район-А05,2024,декабрь,12,131572,0.243,1350,1244,50,56,4.15,4.22,8.0,4.6,6.3,14,1,1,3.6,43.5,Развитие здравоохранения
МО-А06,Регион А,Район-А06,2022,январь,1,68063,0.171,306,277,10,19,6.21,,8.1,4.3,6.7,8,3,0,3.0,44.1,Развитие здравоохранения
МО-А06,Регион А,Район-А06,2022,февраль,2,68063,0.171,40,37,1,2,5.0,,7.1,7.0,4.4,6,3,1,1.9,29.8,Развитие здравоохранения
МО-А06,Регион А,Район-А06,2022,март,3,68063,0.171,426,382,24,20,4.69,,6.6,6.4,4.3,4,0,1,4.1,36.0,Развитие здравоохранения
МО-А06,Регион А,Район-А06,2022,апрель,4,68063,0.171,634,583,14,37,5.84,,9.2,4.6,4.6,8,1,1,3.2,41.0,Развитие здравоохранения
МО-А06,Регион А,Район-А06,2022,май,5,68063,0.171,309,280,9,20,6.47,,7.5,5.8,5.1,5,0,0,2.3,53.2,Развитие здравоохранения
МО-А06,Регион А,Район-А06,2022,июнь,6,68063,0.171,40,37,1,2,5.0,,6.9,3.9,6.9,8,3,1,7.0,40.6,Развитие здравоохранения
МО-А06,Регион А,Район-А06,2022,июль,7,68063,0.171,520,457,27,36,6.92,,7.1,4.4,6.4,7,3,0,3.9,60.6,Развитие здравоохранения
МО-А06,Регион А,Район-А06,2022,август,8,68063,0.171,400,359,14,27,6.75,,6.3,7.6,4.5,7,1,0,6.3,51.3,Развитие здравоохранения
МО-А06,Регион А,Район-А06,2022,сентябрь,9,68063,0.171,284,264,6,14,4.93,,7.9,7.0,3.7,6,2,1,3.7,34.5,Развитие здравоохранения
МО-А06,Регион А,Район-А06,2022,октябрь,10,68063,0.171,119,107,5,7,5.88,,7.1,4.5,6.5,9,3,1,3.5,45.6,Развитие здравоохранения
МО-А06,Регион А,Район-А06,2022,ноябрь,11,68063,0.171,481,426,25,30,6.24,,9.0,5.8,5.8,4,1,1,5.6,46.9,Развитие здравоохранения
МО-А06,Регион А,Район-А06,2022,декабрь,12,68063,0.171,401,366,11,24,5.99,,6.7,6.7,5.2,7,2,0,2.5,46.4,Развитие здравоохранения
МО-А06,Регион А,Район-А06,2023,январь,1,68063,0.171,40,36,2,2,5.0,5.33,6.8,4.3,3.4,4,0,0,5.0,46.3,Развитие здравоохранения
МО-А06,Регион А,Район-А06,2023,февраль,2,68063,0.171,106,95,5,6,5.66,5.21,7.9,6.3,3.2,7,1,2,2.0,42.8,Развитие здравоохранения
МО-А06,Регион А,Район-А06,2023,март,3,68063,0.171,252,226,14,12,4.76,5.09,7.3,4.9,4.6,6,2,1,3.1,24.6,Развитие здравоохранения
МО-А06,Регион А,Район-А06,2023,апрель,4,68063,0.171,181,164,8,9,4.97,5.13,8.7,4.4,5.4,6,0,1,4.5,42.7,Развитие здравоохранения
МО-А06,Регион А,Район-А06,2023,май,5,68063,0.171,446,410,10,26,5.83,5.36,8.9,7.0,5.6,9,1,0,5.5,46.2,Развитие здравоохранения
МО-А06,Регион А,Район-А06,2023,июнь,6,68063,0.171,161,147,5,9,5.59,5.38,7.2,5.3,6.4,4,0,1,4.0,38.0,Развитие здравоохранения
МО-А06,Регион А,Район-А06,2023,июль,7,68063,0.171,346,319,9,18,5.2,5.33,7.7,7.0,3.6,9,2,0,6.3,43.8,Развитие здравоохранения
МО-А06,Регион А,Район-А06,2023,август,8,68063,0.171,356,318,20,18,5.06,5.15,7.0,5.3,3.4,7,2,1,3.7,54.5,Развитие здравоохранения
МО-А06,Регион А,Район-А06,2023,сентябрь,9,68063,0.171,200,184,5,11,5.5,5.14,7.9,4.0,6.4,11,0,1,4.4,44.8,Развитие здравоохранения
МО-А06,Регион А,Район-А06,2023,октябрь,10,68063,0.171,40,37,1,2,5.0,5.35,7.7,4.9,6.5,10,1,0,2.2,36.2,Развитие здравоохранения
МО-А06,Регион А,Район-А06,2023,ноябрь,11,68063,0.171,247,223,13,11,4.45,5.2,6.7,5.4,3.4,10,0,1,5.2,50.0,Развитие здравоохранения
МО-А06,Регион А,Район-А06,2023,декабрь,12,68063,0.171,40,38,0,2,5.0,5.36,9.0,7.4,6.1,3,2,1,1.7,73.0,Развитие здравоохранения
МО-А06,Регион А,Район-А06,2024,январь,1,68063,0.171,40,37,1,2,5.0,5.1,6.7,5.7,5.6,7,1,1,2.6,40.4,Развитие здравоохранения
МО-А06,Регион А,Район-А06,2024,февраль,2,68063,0.171,523,473,20,30,5.74,5.11,8.9,7.5,5.7,6,1,1,4.3,49.9,Развитие здравоохранения
МО-А06,Регион А,Район-А06,2024,март,3,68063,0.171,40,36,2,2,5.0,5.29,8.2,4.9,6.3,8,3,1,2.4,58.5,Развитие здравоохранения
МО-А06,Регион А,Район-А06,2024,апрель,4,68063,0.171,388,353,15,20,5.15,5.35,6.7,6.5,4.5,8,1,0,6.4,45.9,Развитие здравоохранения
МО-А06,Регион А,Район-А06,2024,май,5,68063,0.171,114,103,5,6,5.26,5.21,9.2,7.5,6.0,6,1,0,4.7,56.0,Развитие здравоохранения
МО-А06,Регион А,Район-А06,2024,июнь,6,68063,0.171,635,568,37,30,4.72,5.24,7.8,3.9,4.8,10,2,0,0.0,53.3,Развитие здравоохранения
МО-А06,Регион А,Район-А06,2024,июль,7,68063,0.171,422,379,15,28,6.64,5.29,6.7,5.3,4.4,8,4,0,3.5,44.4,Развитие здравоохранения
МО-А06,Регион А,Район-А06,2024,август,8,68063,0.171,250,226,10,14,5.6,5.42,8.3,6.4,4.8,6,1,1,2.0,44.9,Развитие здравоохранения
МО-А06,Регион А,Район-А06,2024,сентябрь,9,68063,0.171,242,223,8,11,4.55,5.16,8.0,6.0,4.6,6,2,0,2.6,49.5,Развитие здравоохранения
МО-А06,Регион А,Район-А06,2024,октябрь,10,68063,0.171,40,36,2,2,5.0,5.39,6.5,6.4,5.5,4,0,1,3.8,26.4,Развитие здравоохранения
МО-А06,Регион А,Район-А06,2024,ноябрь,11,68063,0.171,525,486,11,28,5.33,5.2,7.5,4.7,4.8,8,1,1,3.0,47.0,Развитие здравоохранения
МО-А06,Регион А,Район-А06,2024,декабрь,12,68063,0.171,965,859,50,56,5.8,5.35,8.5,3.9,4.5,6,1,1,4.6,43.4,Развитие здравоохранения
МО-А07,Регион А,Район-А07,2022,январь,1,77480,0.191,622,564,34,24,3.86,,6.6,3.5,3.3,8,1,1,4.2,35.1,Развитие здравоохранения
МО-А07,Регион А,Район-А07,2022,февраль,2,77480,0.191,40,37,2,1,2.5,,6.0,5.7,5.6,15,3,0,4.8,52.2,Развитие здравоохранения
МО-А07,Регион А,Район-А07,2022,март,3,77480,0.191,495,455,18,22,4.44,,5.8,6.2,4.5,11,1,0,4.5,34.3,Развитие здравоохранения
МО-А07,Регион А,Район-А07,2022,апрель,4,77480,0.191,226,212,5,9,3.98,,6.7,5.6,4.8,13,4,1,3.8,43.5,Развитие здравоохранения
МО-А07,Регион А,Район-А07,2022,май,5,77480,0.191,40,38,1,1,2.5,,6.5,4.3,5.8,13,2,1,3.4,58.7,Развитие здравоохранения
МО-А07,Регион А,Район-А07,2022,июнь,6,77480,0.191,407,368,23,16,3.93,,7.2,5.6,4.7,7,3,1,2.7,43.6,Развитие здравоохранения
МО-А07,Регион А,Район-А07,2022,июль,7,77480,0.191,91,85,3,3,3.3,,7.8,4.8,4.4,15,3,1,3.9,45.9,Развитие здравоохранения
МО-А07,Регион А,Район-А07,2022,август,8,77480,0.191,114,104,5,5,4.39,,6.0,3.5,3.4,9,1,0,7.3,48.3,Развитие здравоохранения
МО-А07,Регион А,Район-А07,2022,сентябрь,9,77480,0.191,703,654,18,31,4.41,,7.5,6.6,3.4,11,3,1,2.4,45.9,Развитие здравоохранения
МО-А07,Регион А,Район-А07,2022,октябрь,10,77480,0.191,386,360,11,15,3.89,,7.5,6.7,3.7,10,0,1,2.2,54.5,Развитие здравоохранения
МО-А07,Регион А,Район-А07,2022,ноябрь,11,77480,0.191,82,77,2,3,3.66,,6.0,4.0,5.1,14,3,0,1.8,50.6,Развитие здравоохранения
МО-А07,Регион А,Район-А07,2022,декабрь,12,77480,0.191,292,266,11,15,5.14,,7.9,4.9,5.3,9,3,0,2.1,41.6,Развитие здравоохранения
МО-А07,Регион А,Район-А07,2023,январь,1,77480,0.191,40,39,0,1,2.5,3.75,5.6,5.2,4.8,10,2,2,0.9,27.0,Развитие здравоохранения
МО-А07,Регион А,Район-А07,2023,февраль,2,77480,0.191,201,188,6,7,3.48,3.92,6.5,3.7,5.0,11,1,1,4.3,49.6,Развитие здравоохранения
МО-А07,Регион А,Район-А07,2023,март,3,77480,0.191,603,549,31,23,3.81,3.95,7.0,4.8,4.8,11,2,0,2.9,56.3,Развитие здравоохранения
МО-А07,Регион А,Район-А07,2023,апрель,4,77480,0.191,829,755,46,28,3.38,3.82,7.6,4.5,3.9,8,3,2,-1.3,46.6,Развитие здравоохранения
МО-А07,Регион А,Район-А07,2023,май,5,77480,0.191,82,78,2,2,2.44,3.81,7.1,4.4,5.0,11,4,0,4.3,42.2,Развитие здравоохранения
МО-А07,Регион А,Район-А07,2023,июнь,6,77480,0.191,472,426,26,20,4.24,3.71,7.3,3.7,3.1,9,3,0,2.9,59.2,Развитие здравоохранения
МО-А07,Регион А,Район-А07,2023,июль,7,77480,0.191,40,38,1,1,2.5,3.81,7.4,5.0,5.7,12,3,0,1.8,54.0,Развитие здравоохранения
МО-А07,Регион А,Район-А07,2023,август,8,77480,0.191,377,356,9,12,3.18,3.79,7.4,4.9,3.3,11,3,2,1.1,58.8,Развитие здравоохранения
МО-А07,Регион А,Район-А07,2023,сентябрь,9,77480,0.191,1159,1074,35,50,4.31,3.92,5.8,6.7,3.0,10,2,1,3.8,37.8,Развитие здравоохранения
МО-А07,Регион А,Район-А07,2023,октябрь,10,77480,0.191,359,338,8,13,3.62,3.94,7.6,6.5,6.1,12,1,1,4.6,53.2,Развитие здравоохранения
МО-А07,Регион А,Район-А07,2023,ноябрь,11,77480,0.191,40,38,1,1,2.5,3.9,6.1,4.3,3.8,9,3,1,4.8,35.7,Развитие здравоохранения
МО-А07,Регион А,Район-А07,2023,декабрь,12,77480,0.191,233,212,13,8,3.43,3.72,5.5,4.2,5.6,9,2,1,3.8,53.6,Развитие здравоохранения
МО-А07,Регион А,Район-А07,2024,январь,1,77480,0.191,40,38,1,1,2.5,3.83,5.9,5.2,5.9,10,2,1,6.3,41.3,Развитие здравоохранения
МО-А07,Регион А,Район-А07,2024,февраль,2,77480,0.191,40,38,1,1,2.5,3.75,6.3,6.4,5.0,10,4,1,3.3,38.5,Развитие здравоохранения
МО-А07,Регион А,Район-А07,2024,март,3,77480,0.191,454,418,21,15,3.3,3.83,6.2,6.6,3.0,10,2,1,1.5,44.2,Развитие здравоохранения
МО-А07,Регион А,Район-А07,2024,апрель,4,77480,0.191,550,507,25,18,3.27,3.9,6.7,4.4,4.1,11,1,0,1.7,45.4,Развитие здравоохранения
МО-А07,Регион А,Район-А07,2024,май,5,77480,0.191,40,38,1,1,2.5,3.72,5.6,4.4,3.0,8,3,1,1.6,34.7,Развитие здравоохранения
МО-А07,Регион А,Район-А07,2024,июнь,6,77480,0.191,118,108,6,4,3.39,3.78,6.1,6.1,3.9,11,2,1,3.2,40.6,Развитие здравоохранения
МО-А07,Регион А,Район-А07,2024,июль,7,77480,0.191,40,38,1,1,2.5,3.95,6.2,4.5,3.0,11,3,2,3.5,45.3,Развитие здравоохранения
МО-А07,Регион А,Район-А07,2024,август,8,77480,0.191,40,38,1,1,2.5,3.72,7.4,6.4,4.8,11,4,0,2.2,46.5,Развитие здравоохранения
МО-А07,Регион А,Район-А07,2024,сентябрь,9,77480,0.191,811,731,48,32,3.95,3.93,6.9,4.0,3.3,13,3,1,3.2,36.6,Развитие здравоохранения
МО-А07,Регион А,Район-А07,2024,октябрь,10,77480,0.191,146,136,5,5,3.42,3.8,5.5,4.7,5.2,5,4,0,5.3,29.8,Развитие здравоохранения
МО-А07,Регион А,Район-А07,2024,ноябрь,11,77480,0.191,102,93,5,4,3.92,3.71,8.2,6.4,5.0,10,3,1,3.4,60.4,Развитие здравоохранения
МО-А07,Регион А,Район-А07,2024,декабрь,12,77480,0.191,618,573,17,28,4.53,3.96,7.3,6.8,5.8,10,1,0,-0.3,52.3,Развитие здравоохранения
МО-А08,Регион А,Район-А08,2022,январь,1,102827,0.157,40,37,1,2,5.0,,7.9,8.1,4.5,6,2,1,3.1,56.0,Развитие здравоохранения
МО-А08,Регион А,Район-А08,2022,февраль,2,102827,0.157,40,37,1,2,5.0,,9.7,6.1,6.0,8,1,1,6.3,47.2,Развитие здравоохранения
МО-А08,Регион А,Район-А08,2022,март,3,102827,0.157,118,110,2,6,5.08,,6.6,5.2,5.7,5,2,1,2.3,49.9,Развитие здравоохранения
МО-А08,Регион А,Район-А08,2022,апрель,4,102827,0.157,734,662,39,33,4.5,,8.7,7.2,3.9,7,2,1,5.3,47.9,Развитие здравоохранения
МО-А08,Регион А,Район-А08,2022,май,5,102827,0.157,161,149,5,7,4.35,,9.2,6.7,5.0,6,2,0,4.2,55.6,Развитие здравоохранения
МО-А08,Регион А,Район-А08,2022,июнь,6,102827,0.157,96,88,4,4,4.17,,8.7,4.9,3.8,9,1,0,5.9,53.3,Развитие здравоохранения
МО-А08,Регион А,Район-А08,2022,июль,7,102827,0.157,40,37,1,2,5.0,,7.0,5.9,4.5,5,3,0,2.7,47.2,Развитие здравоохранения
МО-А08,Регион А,Район-А08,2022,август,8,102827,0.157,40,37,2,1,2.5,,7.9,7.1,5.8,8,1,1,3.5,46.5,Развитие здравоохранения
МО-А08,Регион А,Район-А08,2022,сентябрь,9,102827,0.157,40,37,1,2,5.0,,7.8,4.1,6.5,6,2,0,4.7,47.6,Развитие здравоохранения
МО-А08,Регион А,Район-А08,2022,октябрь,10,102827,0.157,701,650,22,29,4.14,,8.1,5.4,3.5,4,1,0,4.2,44.5,Развитие здравоохранения
МО-А08,Регион А,Район-А08,2022,ноябрь,11,102827,0.157,422,389,12,21,4.98,,8.7,7.5,4.5,8,0,2,6.0,48.4,Развитие здравоохранения
МО-А08,Регион А,Район-А08,2022,декабрь,12,102827,0.157,246,229,6,11,4.47,,6.8,4.9,5.2,6,2,0,5.0,46.6,Развитие здравоохранения
МО-А08,Регион А,Район-А08,2023,январь,1,102827,0.157,40,36,2,2,5.0,4.37,9.2,6.8,6.8,10,1,0,3.6,44.9,Развитие здравоохранения
МО-А08,Регион А,Район-А08,2023,февраль,2,102827,0.157,656,595,32,29,4.42,4.37,8.1,5.2,6.0,4,2,0,3.5,40.2,Развитие здравоохранения
МО-А08,Регион А,Район-А08,2023,март,3,102827,0.157,263,243,9,11,4.18,4.21,8.0,6.4,3.3,6,1,1,5.9,40.1,Развитие здравоохранения
МО-А08,Регион А,Район-А08,2023,апрель,4,102827,0.157,1423,1297,55,71,4.99,4.43,7.4,8.1,4.7,8,2,0,2.9,56.3,Развитие здравоохранения
МО-А08,Регион А,Район-А08,2023,май,5,102827,0.157,199,184,6,9,4.52,4.43,7.6,7.0,6.5,7,1,2,3.8,54.0,Развитие здравоохранения
МО-А08,Регион А,Район-А08,2023,июнь,6,102827,0.157,982,903,38,41,4.18,4.41,8.4,7.8,6.4,5,1,0,2.6,65.4,Развитие здравоохранения
МО-А08,Регион А,Район-А08,2023,июль,7,102827,0.157,40,39,0,1,2.5,4.47,7.0,4.5,3.7,9,2,0,4.5,23.0,Развитие здравоохранения
МО-А08,Регион А,Район-А08,2023,август,8,102827,0.157,643,581,36,26,4.04,4.26,9.4,7.1,5.0,4,3,1,6.4,59.3,Развитие здравоохранения
МО-А08,Регион А,Район-А08,2023,сентябрь,9,102827,0.157,1125,1014,60,51,4.53,4.49,7.6,6.9,4.8,8,3,0,4.6,52.2,Развитие здравоохранения
МО-А08,Регион А,Район-А08,2023,октябрь,10,102827,0.157,40,38,1,1,2.5,4.45,9.1,4.9,5.6,7,0,0,5.0,62.6,Развитие здравоохранения
МО-А08,Регион А,Район-А08,2023,ноябрь,11,102827,0.157,723,662,30,31,4.29,4.22,7.1,7.0,7.0,6,1,0,5.2,36.6,Развитие здравоохранения
МО-А08,Регион А,Район-А08,2023,декабрь,12,102827,0.157,40,37,1,2,5.0,4.25,6.7,5.8,4.8,7,2,1,4.5,38.5,Развитие здравоохранения
МО-А08,Регион А,Район-А08,2024,январь,1,102827,0.157,617,566,20,31,5.02,4.27,9.6,7.8,4.3,8,1,0,7.0,34.2,Развитие здравоохранения
МО-А08,Регион А,Район-А08,2024,февраль,2,102827,0.157,942,838,53,51,5.41,4.36,7.8,4.3,6.1,8,2,1,5.3,43.6,Развитие здравоохранения
МО-А08,Регион А,Район-А08,2024,март,3,102827,0.157,801,743,26,32,4.0,4.44,7.0,6.3,6.2,7,3,0,5.1,41.4,Развитие здравоохранения
МО-А08,Регион А,Район-А08,2024,апрель,4,102827,0.157,1464,1322,70,72,4.92,4.44,6.6,8.1,7.1,9,0,0,5.9,49.8,Развитие здравоохранения
МО-А08,Регион А,Район-А08,2024,май,5,102827,0.157,728,686,15,27,3.71,4.36,8.6,5.8,4.5,6,3,0,4.8,48.3,Развитие здравоохранения
МО-А08,Регион А,Район-А08,2024,июнь,6,102827,0.157,481,434,26,21,4.37,4.41,8.9,6.3,3.5,3,1,0,2.8,52.0,Развитие здравоохранения
МО-А08,Регион А,Район-А08,2024,июль,7,102827,0.157,700,621,41,38,5.43,4.32,7.1,5.8,3.5,8,1,1,4.6,58.8,Развитие здравоохранения
МО-А08,Регион А,Район-А08,2024,август,8,102827,0.157,1039,932,61,46,4.43,4.21,8.9,7.4,3.6,4,2,1,5.6,50.4,Развитие здравоохранения
МО-А08,Регион А,Район-А08,2024,сентябрь,9,102827,0.157,126,116,5,5,3.97,4.35,6.9,4.4,4.3,5,0,0,4.1,37.9,Развитие здравоохранения
МО-А08,Регион А,Район-А08,2024,октябрь,10,102827,0.157,655,588,37,30,4.58,4.44,7.5,6.7,5.4,6,1,1,3.8,46.2,Развитие здравоохранения
МО-А08,Регион А,Район-А08,2024,ноябрь,11,102827,0.157,994,918,31,45,4.53,4.27,7.0,8.0,4.2,5,1,0,2.3,56.1,Развитие здравоохранения
МО-А08,Регион А,Район-А08,2024,декабрь,12,102827,0.157,1234,1114,56,64,5.19,4.34,6.9,6.1,3.4,11,1,1,4.6,42.4,Развитие здравоохранения
МО-А09,Регион А,Район-А09,2022,январь,1,68250,0.24,142,130,5,7,4.93,,8.9,6.5,5.3,10,1,1,3.3,57.7,Развитие здравоохранения
МО-А09,Регион А,Район-А09,2022,февраль,2,68250,0.24,182,163,10,9,4.95,,12.6,9.8,7.5,8,2,0,4.7,46.4,Развитие здравоохранения
МО-А09,Регион А,Район-А09,2022,март,3,68250,0.24,40,39,0,1,2.5,,10.4,9.3,8.0,9,3,0,2.0,53.0,Развитие здравоохранения
МО-А09,Регион А,Район-А09,2022,апрель,4,68250,0.24,40,38,1,1,2.5,,12.7,6.1,4.4,6,2,0,4.9,57.2,Развитие здравоохранения
МО-А09,Регион А,Район-А09,2022,май,5,68250,0.24,40,38,1,1,2.5,,11.5,9.7,8.7,7,1,0,2.7,49.3,Развитие здравоохранения
МО-А09,Регион А,Район-А09,2022,июнь,6,68250,0.24,207,190,8,9,4.35,,12.9,8.0,8.9,9,2,1,5.1,51.9,Развитие здравоохранения
МО-А09,Регион А,Район-А09,2022,июль,7,68250,0.24,40,37,2,1,2.5,,9.9,10.1,5.0,6,1,0,3.6,48.1,Развитие здравоохранения
МО-А09,Регион А,Район-А09,2022,август,8,68250,0.24,299,271,12,16,5.35,,8.9,9.3,4.7,8,1,0,3.8,60.4,Развитие здравоохранения
МО-А09,Регион А,Район-А09,2022,сентябрь,9,68250,0.24,426,391,14,21,4.93,,9.0,7.8,7.1,6,2,1,2.0,59.3,Развитие здравоохранения
МО-А09,Регион А,Район-А09,2022,октябрь,10,68250,0.24,40,38,1,1,2.5,,12.1,7.2,6.6,9,1,0,6.0,51.3,Развитие здравоохранения
МО-А09,Регион А,Район-А09,2022,ноябрь,11,68250,0.24,282,261,5,16,5.67,,11.3,9.8,7.1,8,2,0,2.7,48.4,Развитие здравоохранения
МО-А09,Регион А,Район-А09,2022,декабрь,12,68250,0.24,368,339,12,17,4.62,,13.0,5.8,4.8,11,2,0,2.0,54.3,Развитие здравоохранения
МО-А09,Регион А,Район-А09,2023,январь,1,68250,0.24,40,36,2,2,5.0,4.19,8.9,8.0,7.2,7,1,1,4.6,42.6,Развитие здравоохранения
МО-А09,Регион А,Район-А09,2023,февраль,2,68250,0.24,237,217,8,12,5.06,4.17,11.9,6.0,5.6,9,1,0,3.0,58.5,Развитие здравоохранения
МО-А09,Регион А,Район-А09,2023,март,3,68250,0.24,40,38,1,1,2.5,4.17,10.5,8.5,8.8,7,2,1,4.2,42.7,Развитие здравоохранения
МО-А09,Регион А,Район-А09,2023,апрель,4,68250,0.24,67,63,2,2,2.99,4.13,9.0,7.7,9.7,7,0,0,4.4,31.5,Развитие здравоохранения
МО-А09,Регион А,Район-А09,2023,май,5,68250,0.24,270,252,8,10,3.7,4.2,12.7,9.5,5.0,7,3,1,2.3,31.5,Развитие здравоохранения
МО-А09,Регион А,Район-А09,2023,июнь,6,68250,0.24,689,619,38,32,4.64,4.14,10.4,8.4,8.2,10,3,1,5.5,44.2,Развитие здравоохранения
МО-А09,Регион А,Район-А09,2023,июль,7,68250,0.24,40,38,1,1,2.5,4.14,10.6,7.6,6.8,3,2,0,3.1,51.5,Развитие здравоохранения
МО-А09,Регион А,Район-А09,2023,август,8,68250,0.24,463,415,26,22,4.75,4.06,12.6,8.6,6.3,11,1,0,2.3,57.5,Развитие здравоохранения
МО-А09,Регион А,Район-А09,2023,сентябрь,9,68250,0.24,40,38,1,1,2.5,4.13,11.1,10.3,7.5,5,2,0,3.4,57.9,Развитие здравоохранения
МО-А09,Регион А,Район-А09,2023,октябрь,10,68250,0.24,309,280,15,14,4.53,4.33,9.6,8.2,7.5,9,1,0,3.8,53.3,Развитие здравоохранения
МО-А09,Регион А,Район-А09,2023,ноябрь,11,68250,0.24,172,159,5,8,4.65,4.31,13.0,9.5,9.4,10,1,0,4.7,69.2,Развитие здравоохранения
МО-А09,Регион А,Район-А09,2023,декабрь,12,68250,0.24,229,204,13,12,5.24,4.19,12.1,5.5,8.9,7,2,1,5.8,49.4,Развитие здравоохранения
МО-А09,Регион А,Район-А09,2024,январь,1,68250,0.24,181,167,5,9,4.97,4.07,11.7,10.0,6.7,5,1,1,7.1,33.6,Развитие здравоохранения
МО-А09,Регион А,Район-А09,2024,февраль,2,68250,0.24,207,194,4,9,4.35,4.27,11.8,7.2,7.1,7,1,1,1.3,51.6,Развитие здравоохранения
МО-А09,Регион А,Район-А09,2024,март,3,68250,0.24,147,135,5,7,4.76,4.31,12.1,7.1,8.9,6,0,0,6.0,55.7,Развитие здравоохранения
МО-А09,Регион А,Район-А09,2024,апрель,4,68250,0.24,412,373,23,16,3.88,4.23,9.8,6.2,8.8,8,1,0,4.9,65.2,Развитие здравоохранения
МО-А09,Регион А,Район-А09,2024,май,5,68250,0.24,868,812,17,39,4.49,4.05,11.1,6.6,5.3,6,1,1,2.5,58.9,Развитие здравоохранения
МО-А09,Регион А,Район-А09,2024,июнь,6,68250,0.24,40,38,1,1,2.5,4.12,9.7,7.0,7.0,6,2,0,2.9,56.7,Развитие здравоохранения
МО-А09,Регион А,Район-А09,2024,июль,7,68250,0.24,364,327,18,19,5.22,4.12,12.9,7.2,7.9,8,2,1,3.6,57.9,Развитие здравоохранения
МО-А09,Регион А,Район-А09,2024,август,8,68250,0.24,53,49,2,2,3.77,4.27,10.8,7.7,5.6,5,1,1,6.0,42.3,Развитие здравоохранения
МО-А09,Регион А,Район-А09,2024,сентябрь,9,68250,0.24,771,716,25,30,3.89,4.15,10.6,7.6,9.3,9,1,1,2.5,63.4,Развитие здравоохранения
МО-А09,Регион А,Район-А09,2024,октябрь,10,68250,0.24,101,95,2,4,3.96,4.09,11.4,10.6,7.7,9,1,1,6.3,53.7,Развитие здравоохранения
МО-А09,Регион А,Район-А09,2024,ноябрь,11,68250,0.24,275,248,15,12,4.36,4.26,11.1,9.0,7.2,7,1,1,5.0,59.9,Развитие здравоохранения
МО-А09,Регион А,Район-А09,2024,декабрь,12,68250,0.24,384,344,21,19,4.95,4.13,9.6,9.4,9.4,6,2,1,4.6,48.0,Развитие здравоохранения
МО-А10,Регион А,Район-А10,2022,январь,1,61694,0.214,40,38,1,1,2.5,,7.9,4.4,3.8,9,3,1,4.0,43.3,Развитие здравоохранения
МО-А10,Регион А,Район-А10,2022,февраль,2,61694,0.214,191,174,9,8,4.19,,7.9,5.0,2.9,6,2,0,5.8,57.5,Развитие здравоохранения
МО-А10,Регион А,Район-А10,2022,март,3,61694,0.214,259,239,8,12,4.63,,7.1,3.6,3.8,6,2,1,3.5,38.1,Развитие здравоохранения
МО-А10,Регион А,Район-А10,2022,апрель,4,61694,0.214,170,155,6,9,5.29,,8.3,5.5,3.7,8,3,1,3.3,52.2,Развитие здравоохранения
МО-А10,Регион А,Район-А10,2022,май,5,61694,0.214,64,59,2,3,4.69,,6.3,4.9,4.8,7,1,0,5.9,24.1,Развитие здравоохранения
МО-А10,Регион А,Район-А10,2022,июнь,6,61694,0.214,360,331,10,19,5.28,,6.1,5.7,4.5,8,1,0,4.7,57.7,Развитие здравоохранения
МО-А10,Регион А,Район-А10,2022,июль,7,61694,0.214,202,187,6,9,4.46,,7.3,5.0,2.9,9,1,0,4.9,36.3,Развитие здравоохранения
МО-А10,Регион А,Район-А10,2022,август,8,61694,0.214,40,37,1,2,5.0,,8.1,7.1,3.1,10,3,1,2.6,56.6,Развитие здравоохранения
МО-А10,Регион А,Район-А10,2022,сентябрь,9,61694,0.214,474,425,27,22,4.64,,5.8,5.1,3.5,10,2,0,4.4,33.6,Развитие здравоохранения
МО-А10,Регион А,Район-А10,2022,октябрь,10,61694,0.214,40,37,2,1,2.5,,7.6,5.4,5.0,8,0,1,5.6,54.0,Развитие здравоохранения
МО-А10,Регион А,Район-А10,2022,ноябрь,11,61694,0.214,325,299,9,17,5.23,,7.0,6.9,6.1,10,1,0,5.6,52.8,Развитие здравоохранения
МО-А10,Регион А,Район-А10,2022,декабрь,12,61694,0.214,226,211,5,10,4.42,,8.5,4.7,3.5,7,1,0,4.2,50.2,Развитие здравоохранения
МО-А10,Регион А,Район-А10,2023,январь,1,61694,0.214,40,38,1,1,2.5,4.4,7.5,6.9,3.8,8,2,0,3.3,42.8,Развитие здравоохранения
МО-А10,Регион А,Район-А10,2023,февраль,2,61694,0.214,40,38,1,1,2.5,4.54,5.9,4.1,5.4,6,1,1,6.6,52.4,Развитие здравоохранения
МО-А10,Регион А,Район-А10,2023,март,3,61694,0.214,40,37,2,1,2.5,4.51,6.5,6.4,5.9,6,1,0,5.7,56.9,Развитие здравоохранения
МО-А10,Регион А,Район-А10,2023,апрель,4,61694,0.214,340,316,8,16,4.71,4.38,8.2,4.7,6.0,7,3,1,2.4,51.7,Развитие здравоохранения
МО-А10,Регион А,Район-А10,2023,май,5,61694,0.214,40,38,1,1,2.5,4.45,6.8,5.2,4.0,10,0,0,6.6,34.9,Развитие здравоохранения
МО-А10,Регион А,Район-А10,2023,июнь,6,61694,0.214,920,830,44,46,5.0,4.59,7.3,5.3,5.7,6,1,0,3.1,48.9,Развитие здравоохранения
МО-А10,Регион А,Район-А10,2023,июль,7,61694,0.214,496,448,23,25,5.04,4.56,6.3,5.5,6.4,8,2,0,5.5,56.4,Развитие здравоохранения
МО-А10,Регион А,Район-А10,2023,август,8,61694,0.214,538,504,10,24,4.46,4.42,6.0,4.9,3.7,8,3,0,5.6,45.3,Развитие здравоохранения
МО-А10,Регион А,Район-А10,2023,сентябрь,9,61694,0.214,114,106,3,5,4.39,4.52,8.5,6.5,5.9,8,5,0,3.2,40.9,Развитие здравоохранения
МО-А10,Регион А,Район-А10,2023,октябрь,10,61694,0.214,40,37,2,1,2.5,4.34,5.8,6.7,3.4,8,1,0,5.5,49.8,Развитие здравоохранения
МО-А10,Регион А,Район-А10,2023,ноябрь,11,61694,0.214,264,247,5,12,4.55,4.36,7.2,7.1,3.5,7,1,0,5.9,32.5,Развитие здравоохранения
МО-А10,Регион А,Район-А10,2023,декабрь,12,61694,0.214,40,37,1,2,5.0,4.63,7.2,6.9,4.3,10,2,0,7.0,51.7,Развитие здравоохранения
МО-А10,Регион А,Район-А10,2024,январь,1,61694,0.214,40,38,1,1,2.5,4.41,6.3,5.4,3.5,7,1,0,5.6,44.6,Развитие здравоохранения
МО-А10,Регион А,Район-А10,2024,февраль,2,61694,0.214,40,37,1,2,5.0,4.51,7.0,4.0,3.2,9,1,0,1.1,34.2,Развитие здравоохранения
МО-А10,Регион А,Район-А10,2024,март,3,61694,0.214,262,243,9,10,3.82,4.35,7.7,4.4,5.8,4,0,0,5.3,59.1,Развитие здравоохранения
МО-А10,Регион А,Район-А10,2024,апрель,4,61694,0.214,274,254,7,13,4.74,4.37,6.6,4.4,3.5,8,2,0,3.8,56.8,Развитие здравоохранения
МО-А10,Регион А,Район-А10,2024,май,5,61694,0.214,172,159,5,8,4.65,4.53,7.0,5.8,5.8,10,3,1,3.0,52.0,Развитие здравоохранения
МО-А10,Регион А,Район-А10,2024,июнь,6,61694,0.214,323,293,16,14,4.33,4.58,6.3,6.0,4.6,11,2,0,6.6,51.9,Развитие здравоохранения
МО-А10,Регион А,Район-А10,2024,июль,7,61694,0.214,187,175,4,8,4.28,4.54,6.2,4.1,4.9,10,1,1,4.1,43.2,Развитие здравоохранения
МО-А10,Регион А,Район-А10,2024,август,8,61694,0.214,74,70,1,3,4.05,4.46,6.6,5.9,3.2,5,2,0,3.5,46.0,Развитие здравоохранения
МО-А10,Регион А,Район-А10,2024,сентябрь,9,61694,0.214,761,695,32,34,4.47,4.46,6.8,6.5,3.7,8,1,1,3.9,39.1,Развитие здравоохранения
МО-А10,Регион А,Район-А10,2024,октябрь,10,61694,0.214,827,741,46,40,4.84,4.49,6.9,6.3,6.2,7,1,1,1.0,44.0,Развитие здравоохранения
МО-А10,Регион А,Район-А10,2024,ноябрь,11,61694,0.214,810,747,22,41,5.06,4.64,7.8,4.0,4.0,4,4,0,3.5,59.4,Развитие здравоохранения
МО-А10,Регион А,Район-А10,2024,декабрь,12,61694,0.214,314,294,6,14,4.46,4.37,8.2,4.6,3.1,5,2,1,5.4,50.5,Развитие здравоохранения
МО-А11,Регион А,Район-А11,2022,январь,1,60791,0.149,40,37,1,2,5.0,,6.8,5.8,5.2,4,3,0,4.0,34.3,Развитие здравоохранения
МО-А11,Регион А,Район-А11,2022,февраль,2,60791,0.149,213,196,5,12,5.63,,7.6,6.5,5.6,7,1,0,2.4,48.3,Развитие здравоохранения
МО-А11,Регион А,Район-А11,2022,март,3,60791,0.149,40,37,1,2,5.0,,7.6,4.7,3.9,8,2,0,2.9,28.7,Развитие здравоохранения
МО-А11,Регион А,Район-А11,2022,апрель,4,60791,0.149,101,93,3,5,4.95,,6.4,5.7,4.2,7,1,1,3.0,42.7,Развитие здравоохранения
МО-А11,Регион А,Район-А11,2022,май,5,60791,0.149,510,454,27,29,5.69,,6.8,3.7,5.1,7,3,1,2.9,44.0,Развитие здравоохранения
МО-А11,Регион А,Район-А11,2022,июнь,6,60791,0.149,40,37,1,2,5.0,,8.1,4.8,5.4,10,1,1,1.5,39.0,Развитие здравоохранения
МО-А11,Регион А,Район-А11,2022,июль,7,60791,0.149,310,283,10,17,5.48,,7.0,4.7,5.5,5,3,0,1.2,53.5,Развитие здравоохранения
МО-А11,Регион А,Район-А11,2022,август,8,60791,0.149,364,332,10,22,6.04,,7.7,5.9,4.3,9,2,1,4.1,53.0,Развитие здравоохранения
МО-А11,Регион А,Район-А11,2022,сентябрь,9,60791,0.149,40,37,1,2,5.0,,6.3,6.3,4.6,11,2,1,4.2,45.2,Развитие здравоохранения
МО-А11,Регион А,Район-А11,2022,октябрь,10,60791,0.149,40,38,1,1,2.5,,6.2,3.7,3.1,5,1,0,1.8,47.0,Развитие здравоохранения
МО-А11,Регион А,Район-А11,2022,ноябрь,11,60791,0.149,659,585,35,39,5.92,,7.5,5.2,4.3,7,2,1,5.3,63.7,Развитие здравоохранения
МО-А11,Регион А,Район-А11,2022,декабрь,12,60791,0.149,40,38,0,2,5.0,,8.1,6.0,4.2,4,4,1,2.8,58.8,Развитие здравоохранения
МО-А11,Регион А,Район-А11,2023,январь,1,60791,0.149,631,582,15,34,5.39,4.86,6.2,4.5,4.5,5,2,0,3.3,36.9,Развитие здравоохранения
МО-А11,Регион А,Район-А11,2023,февраль,2,60791,0.149,40,37,1,2,5.0,5.07,6.3,5.8,4.8,8,3,0,2.6,52.5,Развитие здравоохранения
МО-А11,Регион А,Район-А11,2023,март,3,60791,0.149,514,476,15,23,4.47,5.01,8.2,4.5,3.5,8,2,1,4.0,49.9,Развитие здравоохранения
МО-А11,Регион А,Район-А11,2023,апрель,4,60791,0.149,68,62,3,3,4.41,4.91,6.6,6.6,2.8,4,1,1,1.3,47.9,Развитие здравоохранения
МО-А11,Регион А,Район-А11,2023,май,5,60791,0.149,192,173,9,10,5.21,4.89,5.6,6.4,6.1,6,1,0,2.3,47.9,Развитие здравоохранения
МО-А11,Регион А,Район-А11,2023,июнь,6,60791,0.149,493,454,16,23,4.67,5.03,5.6,5.6,3.3,7,1,1,3.2,43.4,Развитие здравоохранения
МО-А11,Регион А,Район-А11,2023,июль,7,60791,0.149,584,535,17,32,5.48,5.12,5.9,5.5,5.7,7,2,1,4.8,43.3,Развитие здравоохранения
МО-А11,Регион А,Район-А11,2023,август,8,60791,0.149,280,252,13,15,5.36,4.94,6.6,6.0,4.2,9,1,0,2.4,47.8,Развитие здравоохранения
МО-А11,Регион А,Район-А11,2023,сентябрь,9,60791,0.149,780,713,25,42,5.38,4.98,6.6,6.4,4.5,4,0,1,-0.4,50.6,Развитие здравоохранения
МО-А11,Регион А,Район-А11,2023,октябрь,10,60791,0.149,312,287,10,15,4.81,4.96,6.0,6.6,4.1,9,0,0,1.1,50.1,Развитие здравоохранения
МО-А11,Регион А,Район-А11,2023,ноябрь,11,60791,0.149,80,72,4,4,5.0,5.01,7.5,6.7,3.9,7,2,1,2.2,46.9,Развитие здравоохранения
МО-А11,Регион А,Район-А11,2023,декабрь,12,60791,0.149,40,37,1,2,5.0,4.99,7.9,6.4,3.3,10,0,1,4.5,63.6,Развитие здравоохранения
МО-А11,Регион А,Район-А11,2024,январь,1,60791,0.149,438,391,24,23,5.25,4.87,6.8,4.3,4.8,7,3,0,4.6,43.6,Развитие здравоохранения
МО-А11,Регион А,Район-А11,2024,февраль,2,60791,0.149,519,463,29,27,5.2,4.85,6.8,6.8,2.8,9,3,1,6.2,25.7,Развитие здравоохранения
МО-А11,Регион А,Район-А11,2024,март,3,60791,0.149,277,256,8,13,4.69,5.05,5.8,6.1,5.0,7,1,0,0.5,45.2,Развитие здравоохранения
МО-А11,Регион А,Район-А11,2024,апрель,4,60791,0.149,120,108,6,6,5.0,4.92,7.5,5.2,5.0,9,1,1,3.6,51.2,Развитие здравоохранения
МО-А11,Регион А,Район-А11,2024,май,5,60791,0.149,434,404,11,19,4.38,4.94,6.4,6.6,5.5,5,2,1,2.5,42.2,Развитие здравоохранения
МО-А11,Регион А,Район-А11,2024,июнь,6,60791,0.149,487,451,14,22,4.52,4.9,6.7,6.2,5.2,6,0,0,2.9,40.5,Развитие здравоохранения
МО-А11,Регион А,Район-А11,2024,июль,7,60791,0.149,151,138,5,8,5.3,4.9,8.1,4.0,4.9,9,0,1,2.2,59.8,Развитие здравоохранения
МО-А11,Регион А,Район-А11,2024,август,8,60791,0.149,144,133,5,6,4.17,5.02,5.6,4.2,3.8,6,1,0,2.4,30.4,Развитие здравоохранения
МО-А11,Регион А,Район-А11,2024,сентябрь,9,60791,0.149,512,473,13,26,5.08,4.92,5.9,6.4,3.8,7,0,1,1.9,44.3,Развитие здравоохранения
МО-А11,Регион А,Район-А11,2024,октябрь,10,60791,0.149,40,38,0,2,5.0,5.13,6.4,4.5,3.5,7,1,2,3.4,33.4,Развитие здравоохранения
МО-А11,Регион А,Район-А11,2024,ноябрь,11,60791,0.149,40,36,2,2,5.0,5.09,7.8,6.1,4.6,9,2,1,2.1,39.8,Развитие здравоохранения
МО-А11,Регион А,Район-А11,2024,декабрь,12,60791,0.149,423,386,17,20,4.73,4.98,7.5,6.4,6.1,9,3,1,2.9,52.4,Развитие здравоохранения
МО-А12,Регион А,Район-А12,2022,январь,1,104475,0.229,295,265,14,16,5.42,,8.6,4.6,6.2,8,2,0,5.1,61.9,Развитие здравоохранения
МО-А12,Регион А,Район-А12,2022,февраль,2,104475,0.229,1387,1276,40,71,5.12,,9.1,6.9,5.5,12,1,0,3.2,58.9,Развитие здравоохранения
МО-А12,Регион А,Район-А12,2022,март,3,104475,0.229,434,394,18,22,5.07,,7.8,6.5,6.0,12,1,0,6.4,57.5,Развитие здравоохранения
МО-А12,Регион А,Район-А12,2022,апрель,4,104475,0.229,407,367,15,25,6.14,,7.0,7.7,6.1,9,2,1,2.3,45.1,Развитие здравоохранения
МО-А12,Регион А,Район-А12,2022,май,5,104475,0.229,768,701,23,44,5.73,,9.0,5.7,5.4,10,5,0,2.7,49.0,Развитие здравоохранения
МО-А12,Регион А,Район-А12,2022,июнь,6,104475,0.229,929,850,34,45,4.84,,8.1,8.4,5.5,10,1,0,5.1,59.8,Развитие здравоохранения
МО-А12,Регион А,Район-А12,2022,июль,7,104475,0.229,377,341,15,21,5.57,,7.4,5.7,6.2,9,2,0,5.5,57.5,Развитие здравоохранения
МО-А12,Регион А,Район-А12,2022,август,8,104475,0.229,576,512,33,31,5.38,,10.5,7.3,7.0,7,2,0,5.6,47.0,Развитие здравоохранения
МО-А12,Регион А,Район-А12,2022,сентябрь,9,104475,0.229,623,569,21,33,5.3,,9.6,6.4,5.4,9,1,1,4.2,41.3,Развитие здравоохранения
МО-А12,Регион А,Район-А12,2022,октябрь,10,104475,0.229,826,727,41,58,7.02,,7.1,7.5,4.4,10,2,0,3.1,50.7,Развитие здравоохранения
МО-А12,Регион А,Район-А12,2022,ноябрь,11,104475,0.229,466,428,13,25,5.36,,8.8,8.1,4.0,9,2,1,1.7,49.8,Развитие здравоохранения
МО-А12,Регион А,Район-А12,2022,декабрь,12,104475,0.229,40,37,1,2,5.0,,10.2,6.5,4.7,12,2,0,5.8,57.1,Развитие здравоохранения
МО-А12,Регион А,Район-А12,2023,январь,1,104475,0.229,266,243,6,17,6.39,5.05,9.7,5.8,6.9,13,2,1,4.8,55.0,Развитие здравоохранения
МО-А12,Регион А,Район-А12,2023,февраль,2,104475,0.229,417,378,17,22,5.28,5.28,7.9,6.7,4.8,12,4,1,6.5,52.7,Развитие здравоохранения
МО-А12,Регион А,Район-А12,2023,март,3,104475,0.229,239,213,13,13,5.44,5.16,10.1,5.2,5.6,9,1,1,3.0,38.9,Развитие здравоохранения
МО-А12,Регион А,Район-А12,2023,апрель,4,104475,0.229,319,298,7,14,4.39,5.15,8.4,6.5,3.7,14,0,0,3.8,47.5,Развитие здравоохранения
МО-А12,Регион А,Район-А12,2023,май,5,104475,0.229,225,203,11,11,4.89,5.29,8.7,6.9,6.3,11,2,0,6.6,45.8,Развитие здравоохранения
МО-А12,Регион А,Район-А12,2023,июнь,6,104475,0.229,40,38,0,2,5.0,5.34,9.2,8.7,6.8,10,2,0,3.8,57.4,Развитие здравоохранения
МО-А12,Регион А,Район-А12,2023,июль,7,104475,0.229,974,892,22,60,6.16,5.24,8.2,6.7,6.5,8,3,0,6.0,48.7,Развитие здравоохранения
МО-А12,Регион А,Район-А12,2023,август,8,104475,0.229,1327,1230,38,59,4.45,5.16,7.9,5.4,6.5,11,2,1,2.8,35.0,Развитие здравоохранения
МО-А12,Регион А,Район-А12,2023,сентябрь,9,104475,0.229,40,36,2,2,5.0,5.06,9.7,5.3,4.3,10,4,1,5.5,38.0,Развитие здравоохранения
МО-А12,Регион А,Район-А12,2023,октябрь,10,104475,0.229,40,38,1,1,2.5,5.08,7.8,5.7,5.4,9,2,2,4.3,54.0,Развитие здравоохранения
МО-А12,Регион А,Район-А12,2023,ноябрь,11,104475,0.229,1075,963,57,55,5.12,5.14,8.6,7.7,6.8,14,2,1,3.2,51.1,Развитие здравоохранения
МО-А12,Регион А,Район-А12,2023,декабрь,12,104475,0.229,40,37,1,2,5.0,5.34,9.6,4.9,6.8,13,3,1,2.1,41.2,Развитие здравоохранения
МО-А12,Регион А,Район-А12,2024,январь,1,104475,0.229,209,185,10,14,6.7,5.13,7.9,4.9,5.5,12,4,1,1.7,56.1,Развитие здравоохранения
МО-А12,Регион А,Район-А12,2024,февраль,2,104475,0.229,40,37,1,2,5.0,5.31,8.1,8.8,3.9,15,2,0,0.4,50.7,Развитие здравоохранения
МО-А12,Регион А,Район-А12,2024,март,3,104475,0.229,231,215,5,11,4.76,5.09,9.0,4.9,4.2,14,2,0,6.6,53.9,Развитие здравоохранения
МО-А12,Регион А,Район-А12,2024,апрель,4,104475,0.229,861,787,31,43,4.99,5.06,7.6,8.5,7.7,9,2,0,5.3,61.3,Развитие здравоохранения
МО-А12,Регион А,Район-А12,2024,май,5,104475,0.229,588,540,18,30,5.1,5.23,10.2,5.6,4.9,11,2,0,4.4,48.9,Развитие здравоохранения
МО-А12,Регион А,Район-А12,2024,июнь,6,104475,0.229,1150,1058,40,52,4.52,5.22,8.9,5.1,3.6,8,3,0,4.8,48.1,Развитие здравоохранения
МО-А12,Регион А,Район-А12,2024,июль,7,104475,0.229,40,37,1,2,5.0,5.05,9.1,7.2,4.9,12,0,1,5.6,57.1,Развитие здравоохранения
МО-А12,Регион А,Район-А12,2024,август,8,104475,0.229,40,37,1,2,5.0,5.28,10.0,5.2,4.5,13,4,2,4.2,53.3,Развитие здравоохранения
МО-А12,Регион А,Район-А12,2024,сентябрь,9,104475,0.229,788,723,19,46,5.84,5.08,7.7,7.3,5.0,12,4,0,2.1,45.2,Развитие здравоохранения
МО-А12,Регион А,Район-А12,2024,октябрь,10,104475,0.229,1004,920,37,47,4.68,5.24,9.1,8.5,3.7,8,3,0,5.0,50.2,Развитие здравоохранения
МО-А12,Регион А,Район-А12,2024,ноябрь,11,104475,0.229,468,423,24,21,4.49,5.06,8.2,6.9,5.6,12,2,1,4.9,37.7,Развитие здравоохранения
МО-А12,Регион А,Район-А12,2024,декабрь,12,104475,0.229,40,37,1,2,5.0,5.04,8.0,7.8,7.6,11,1,2,4.0,61.5,Развитие здравоохранения
МО-Б01,Регион Б,Район-Б01,2022,январь,1,65955,0.247,40,36,1,3,7.5,,22.6,11.9,13.1,8,0,0,7.7,73.0,Развитие здравоохранения
МО-Б01,Регион Б,Район-Б01,2022,февраль,2,65955,0.247,65,57,3,5,7.69,,20.7,16.1,20.0,8,3,1,5.5,65.8,Развитие здравоохранения
МО-Б01,Регион Б,Район-Б01,2022,март,3,65955,0.247,1331,1168,38,125,9.39,,18.1,19.5,13.0,5,1,0,8.2,54.6,Развитие здравоохранения
МО-Б01,Регион Б,Район-Б01,2022,апрель,4,65955,0.247,317,273,13,31,9.78,,21.3,12.4,10.8,6,1,0,8.4,55.8,Развитие здравоохранения
МО-Б01,Регион Б,Район-Б01,2022,май,5,65955,0.247,674,587,20,67,9.94,,26.6,21.9,12.3,11,4,0,8.3,69.3,Развитие здравоохранения
МО-Б01,Регион Б,Район-Б01,2022,июнь,6,65955,0.247,730,644,30,56,7.67,,20.8,21.6,15.9,11,2,0,6.3,68.6,Развитие здравоохранения
МО-Б01,Регион Б,Район-Б01,2022,июль,7,65955,0.247,466,404,13,49,10.52,,25.0,18.5,13.4,4,2,1,10.5,81.3,Развитие здравоохранения
МО-Б01,Регион Б,Район-Б01,2022,август,8,65955,0.247,105,90,6,9,8.57,,19.3,16.2,16.5,12,2,0,8.0,68.6,Развитие здравоохранения
МО-Б01,Регион Б,Район-Б01,2022,сентябрь,9,65955,0.247,590,517,18,55,9.32,,19.1,19.6,14.1,9,4,1,8.2,59.8,Развитие здравоохранения
МО-Б01,Регион Б,Район-Б01,2022,октябрь,10,65955,0.247,84,74,2,8,9.52,,22.2,17.8,18.8,13,1,0,7.1,62.6,Развитие здравоохранения
МО-Б01,Регион Б,Район-Б01,2022,ноябрь,11,65955,0.247,1133,989,39,105,9.27,,25.8,18.7,18.4,12,3,0,5.1,61.5,Развитие здравоохранения
МО-Б01,Регион Б,Район-Б01,2022,декабрь,12,65955,0.247,120,107,4,9,7.5,,21.7,20.6,20.0,11,2,0,7.4,61.9,Развитие здравоохранения
МО-Б01,Регион Б,Район-Б01,2023,январь,1,65955,0.247,40,37,0,3,7.5,6.5,24.3,17.5,18.4,8,1,1,8.3,67.9,Развитие здравоохранения
МО-Б01,Регион Б,Район-Б01,2023,февраль,2,65955,0.247,40,35,2,3,7.5,6.26,19.0,19.8,13.0,6,0,0,5.7,67.3,Развитие здравоохранения
МО-Б01,Регион Б,Район-Б01,2023,март,3,65955,0.247,208,180,11,17,8.17,6.25,22.7,21.8,18.1,6,0,0,6.8,67.5,Развитие здравоохранения
МО-Б01,Регион Б,Район-Б01,2023,апрель,4,65955,0.247,153,137,3,13,8.5,6.67,25.2,19.4,18.5,7,1,1,4.7,90.7,Развитие здравоохранения
МО-Б01,Регион Б,Район-Б01,2023,май,5,65955,0.247,222,199,8,15,6.76,6.75,20.3,20.1,11.3,10,2,0,6.3,72.7,Развитие здравоохранения
МО-Б01,Регион Б,Район-Б01,2023,июнь,6,65955,0.247,40,35,2,3,7.5,5.97,23.5,19.5,18.4,10,2,1,8.9,77.9,Развитие здравоохранения
МО-Б01,Регион Б,Район-Б01,2023,июль,7,65955,0.247,40,36,1,3,7.5,6.03,20.4,19.2,12.9,6,2,0,7.1,45.4,Развитие здравоохранения
МО-Б01,Регион Б,Район-Б01,2023,август,8,65955,0.247,149,129,8,12,8.05,6.41,23.0,19.7,15.0,8,0,1,7.2,72.8,Развитие здравоохранения
МО-Б01,Регион Б,Район-Б01,2023,сентябрь,9,65955,0.247,40,36,1,3,7.5,6.42,22.8,15.7,19.3,5,3,1,8.2,53.8,Развитие здравоохранения
МО-Б01,Регион Б,Район-Б01,2023,октябрь,10,65955,0.247,103,90,6,7,6.8,6.1,18.3,17.4,16.5,10,1,1,9.1,42.6,Развитие здравоохранения
МО-Б01,Регион Б,Район-Б01,2023,ноябрь,11,65955,0.247,226,202,6,18,7.96,5.58,20.2,11.5,15.9,9,2,0,5.1,62.0,Развитие здравоохранения
МО-Б01,Регион Б,Район-Б01,2023,декабрь,12,65955,0.247,40,36,1,3,7.5,6.63,26.8,19.6,16.9,10,3,0,6.9,82.9,Развитие здравоохранения
МО-Б01,Регион Б,Район-Б01,2024,январь,1,65955,0.247,847,747,29,71,8.38,6.71,19.2,20.9,20.1,5,2,1,9.9,80.1,Развитие здравоохранения
МО-Б01,Регион Б,Район-Б01,2024,февраль,2,65955,0.247,303,268,9,26,8.58,6.53,23.4,19.3,17.0,5,1,0,8.7,69.3,Развитие здравоохранения
МО-Б01,Регион Б,Район-Б01,2024,март,3,65955,0.247,122,108,4,10,8.2,6.09,26.5,13.2,15.3,7,1,0,5.3,87.9,Развитие здравоохранения
МО-Б01,Регион Б,Район-Б01,2024,апрель,4,65955,0.247,518,458,25,35,6.76,6.25,26.5,19.4,17.0,10,0,0,11.1,66.5,Развитие здравоохранения
МО-Б01,Регион Б,Район-Б01,2024,май,5,65955,0.247,298,261,14,23,7.72,5.96,23.1,21.1,19.6,10,2,1,6.4,63.3,Развитие здравоохранения
МО-Б01,Регион Б,Район-Б01,2024,июнь,6,65955,0.247,671,592,23,56,8.35,5.71,26.8,18.1,14.9,8,1,0,7.0,86.1,Развитие здравоохранения
МО-Б01,Регион Б,Район-Б01,2024,июль,7,65955,0.247,231,203,10,18,7.79,6.16,19.0,12.2,19.6,6,0,0,5.8,68.8,Развитие здравоохранения
МО-Б01,Регион Б,Район-Б01,2024,август,8,65955,0.247,160,145,3,12,7.5,5.99,24.3,21.1,14.6,6,2,1,7.6,94.5,Развитие здравоохранения
МО-Б01,Регион Б,Район-Б01,2024,сентябрь,9,65955,0.247,40,36,1,3,7.5,5.59,23.4,22.3,9.7,6,1,0,8.8,67.9,Развитие здравоохранения
МО-Б01,Регион Б,Район-Б01,2024,октябрь,10,65955,0.247,544,477,30,37,6.8,6.24,25.7,22.0,11.1,8,1,0,7.3,80.8,Развитие здравоохранения
МО-Б01,Регион Б,Район-Б01,2024,ноябрь,11,65955,0.247,725,635,31,59,8.14,6.63,24.3,21.1,11.0,4,3,1,7.4,71.9,Развитие здравоохранения
МО-Б01,Регион Б,Район-Б01,2024,декабрь,12,65955,0.247,40,34,2,4,10.0,5.94,20.6,15.2,11.0,6,0,0,5.0,66.1,Развитие здравоохранения
МО-Б02,Регион Б,Район-Б02,2022,январь,1,79020,0.23,1151,987,48,116,10.08,,21.0,15.9,10.1,7,1,0,7.5,70.9,Развитие здравоохранения
МО-Б02,Регион Б,Район-Б02,2022,февраль,2,79020,0.23,368,319,20,29,7.88,,25.7,19.9,18.8,6,1,0,9.7,79.2,Развитие здравоохранения
МО-Б02,Регион Б,Район-Б02,2022,март,3,79020,0.23,83,73,3,7,8.43,,21.1,17.0,11.0,6,1,1,9.3,84.9,Развитие здравоохранения
МО-Б02,Регион Б,Район-Б02,2022,апрель,4,79020,0.23,40,38,0,2,5.0,,22.5,17.7,12.2,8,3,0,8.5,56.5,Развитие здравоохранения
МО-Б02,Регион Б,Район-Б02,2022,май,5,79020,0.23,149,131,6,12,8.05,,25.5,17.0,15.8,7,1,0,9.4,75.2,Развитие здравоохранения
МО-Б02,Регион Б,Район-Б02,2022,июнь,6,79020,0.23,649,558,35,56,8.63,,24.1,16.8,10.8,12,0,1,8.8,69.2,Развитие здравоохранения
МО-Б02,Регион Б,Район-Б02,2022,июль,7,79020,0.23,1056,947,29,80,7.58,,19.4,18.0,9.0,6,2,0,6.9,47.2,Развитие здравоохранения
МО-Б02,Регион Б,Район-Б02,2022,август,8,79020,0.23,556,469,33,54,9.71,,26.3,20.1,12.9,8,2,0,8.9,79.1,Развитие здравоохранения
МО-Б02,Регион Б,Район-Б02,2022,сентябрь,9,79020,0.23,40,35,2,3,7.5,,23.1,13.3,18.5,4,1,0,7.6,61.9,Развитие здравоохранения
МО-Б02,Регион Б,Район-Б02,2022,октябрь,10,79020,0.23,40,36,1,3,7.5,,22.9,17.9,13.1,8,1,0,7.6,64.5,Развитие здравоохранения
МО-Б02,Регион Б,Район-Б02,2022,ноябрь,11,79020,0.23,136,121,3,12,8.82,,20.5,21.4,11.6,7,1,0,6.7,71.7,Развитие здравоохранения
МО-Б02,Регион Б,Район-Б02,2022,декабрь,12,79020,0.23,152,134,8,10,6.58,,25.4,21.5,14.9,10,1,0,9.9,72.8,Развитие здравоохранения
МО-Б02,Регион Б,Район-Б02,2023,январь,1,79020,0.23,483,426,13,44,9.11,6.16,24.7,13.7,15.6,8,1,0,7.8,70.7,Развитие здравоохранения
МО-Б02,Регион Б,Район-Б02,2023,февраль,2,79020,0.23,879,788,24,67,7.62,5.65,22.6,21.4,12.6,6,4,0,7.6,73.2,Развитие здравоохранения
МО-Б02,Регион Б,Район-Б02,2023,март,3,79020,0.23,40,37,1,2,5.0,5.36,19.2,13.1,16.0,6,0,0,9.2,66.3,Развитие здравоохранения
МО-Б02,Регион Б,Район-Б02,2023,апрель,4,79020,0.23,40,36,2,2,5.0,5.35,23.6,15.5,14.7,7,1,0,9.5,67.2,Развитие здравоохранения
МО-Б02,Регион Б,Район-Б02,2023,май,5,79020,0.23,378,339,13,26,6.88,5.93,24.8,19.5,10.1,8,2,1,7.6,71.0,Развитие здравоохранения
МО-Б02,Регион Б,Район-Б02,2023,июнь,6,79020,0.23,40,36,1,3,7.5,5.61,23.0,15.9,17.0,4,1,0,5.7,89.2,Развитие здравоохранения
МО-Б02,Регион Б,Район-Б02,2023,июль,7,79020,0.23,40,36,1,3,7.5,5.7,18.9,18.0,10.7,9,5,0,9.2,58.2,Развитие здравоохранения
МО-Б02,Регион Б,Район-Б02,2023,август,8,79020,0.23,972,870,37,65,6.69,6.1,22.4,13.5,13.2,8,2,0,9.7,65.6,Развитие здравоохранения
МО-Б02,Регион Б,Район-Б02,2023,сентябрь,9,79020,0.23,40,37,1,2,5.0,5.7,20.5,15.4,16.8,9,2,0,8.5,70.7,Развитие здравоохранения
МО-Б02,Регион Б,Район-Б02,2023,октябрь,10,79020,0.23,669,580,37,52,7.77,5.91,24.3,15.5,15.9,5,2,0,9.9,78.8,Развитие здравоохранения
МО-Б02,Регион Б,Район-Б02,2023,ноябрь,11,79020,0.23,40,36,1,3,7.5,5.35,19.5,17.1,10.5,11,1,0,8.9,72.1,Развитие здравоохранения
МО-Б02,Регион Б,Район-Б02,2023,декабрь,12,79020,0.23,128,114,3,11,8.59,6.14,22.6,12.7,13.2,6,2,0,6.8,73.7,Развитие здравоохранения
МО-Б02,Регион Б,Район-Б02,2024,январь,1,79020,0.23,404,353,13,38,9.41,6.35,23.0,19.1,18.4,7,1,0,8.4,70.0,Развитие здравоохранения
МО-Б02,Регион Б,Район-Б02,2024,февраль,2,79020,0.23,347,304,11,32,9.22,6.31,19.4,12.7,11.1,7,2,0,9.9,58.4,Развитие здравоохранения
МО-Б02,Регион Б,Район-Б02,2024,март,3,79020,0.23,475,422,15,38,8.0,5.41,22.5,20.9,10.5,5,0,0,7.5,65.6,Развитие здравоохранения
МО-Б02,Регион Б,Район-Б02,2024,апрель,4,79020,0.23,40,36,1,3,7.5,6.31,26.2,18.3,10.4,7,0,0,9.2,80.2,Развитие здравоохранения
МО-Б02,Регион Б,Район-Б02,2024,май,5,79020,0.23,87,78,4,5,5.75,6.22,25.8,17.4,10.8,8,4,0,10.0,70.3,Развитие здравоохранения
МО-Б02,Регион Б,Район-Б02,2024,июнь,6,79020,0.23,1146,1024,26,96,8.38,5.44,20.2,15.3,10.4,4,3,0,6.3,47.5,Развитие здравоохранения
МО-Б02,Регион Б,Район-Б02,2024,июль,7,79020,0.23,40,37,0,3,7.5,5.97,24.6,11.2,18.6,10,1,0,8.8,67.7,Развитие здравоохранения
МО-Б02,Регион Б,Район-Б02,2024,август,8,79020,0.23,172,152,6,14,8.14,6.32,18.1,13.6,12.2,10,0,0,10.6,65.5,Развитие здравоохранения
МО-Б02,Регион Б,Район-Б02,2024,сентябрь,9,79020,0.23,290,259,12,19,6.55,5.44,26.2,17.9,16.9,5,2,0,9.4,69.9,Развитие здравоохранения
МО-Б02,Регион Б,Район-Б02,2024,октябрь,10,79020,0.23,838,743,28,67,8.0,6.2,25.1,19.6,13.3,8,0,1,7.8,62.7,Развитие здравоохранения
МО-Б02,Регион Б,Район-Б02,2024,ноябрь,11,79020,0.23,40,35,2,3,7.5,5.39,23.5,14.5,14.4,8,3,1,8.4,66.7,Развитие здравоохранения
МО-Б02,Регион Б,Район-Б02,2024,декабрь,12,79020,0.23,604,528,31,45,7.45,6.17,25.2,11.1,8.9,8,2,0,7.5,69.7,Развитие здравоохранения
МО-Б03,Регион Б,Район-Б03,2022,январь,1,128599,0.416,40,35,2,3,7.5,,14.2,9.4,12.6,8,3,1,6.8,58.0,Развитие здравоохранения
МО-Б03,Регион Б,Район-Б03,2022,февраль,2,128599,0.416,482,436,10,36,7.47,,14.0,11.1,11.2,11,2,0,8.2,55.2,Развитие здравоохранения
МО-Б03,Регион Б,Район-Б03,2022,март,3,128599,0.416,635,565,14,56,8.82,,14.7,8.5,8.2,12,2,0,2.3,51.4,Развитие здравоохранения
МО-Б03,Регион Б,Район-Б03,2022,апрель,4,128599,0.416,118,108,3,7,5.93,,20.1,9.8,12.1,8,1,0,4.9,64.9,Развитие здравоохранения
МО-Б03,Регион Б,Район-Б03,2022,май,5,128599,0.416,40,36,1,3,7.5,,19.9,10.5,13.1,12,3,0,4.8,75.6,Развитие здравоохранения
МО-Б03,Регион Б,Район-Б03,2022,июнь,6,128599,0.416,40,36,1,3,7.5,,13.5,14.7,7.5,8,0,0,4.7,64.5,Развитие здравоохранения
МО-Б03,Регион Б,Район-Б03,2022,июль,7,128599,0.416,325,286,12,27,8.31,,18.4,12.4,10.9,10,2,0,7.2,62.6,Развитие здравоохранения
МО-Б03,Регион Б,Район-Б03,2022,август,8,128599,0.416,266,236,10,20,7.52,,19.6,15.5,14.9,10,0,0,5.4,65.7,Развитие здравоохранения
МО-Б03,Регион Б,Район-Б03,2022,сентябрь,9,128599,0.416,430,388,14,28,6.51,,20.1,13.7,10.1,9,4,0,5.7,61.0,Развитие здравоохранения
МО-Б03,Регион Б,Район-Б03,2022,октябрь,10,128599,0.416,86,78,2,6,6.98,,15.7,8.6,10.0,10,1,1,5.1,56.8,Развитие здравоохранения
МО-Б03,Регион Б,Район-Б03,2022,ноябрь,11,128599,0.416,40,36,1,3,7.5,,20.0,8.9,14.8,11,3,0,5.0,66.0,Развитие здравоохранения
МО-Б03,Регион Б,Район-Б03,2022,декабрь,12,128599,0.416,572,516,11,45,7.87,,15.5,9.7,12.0,15,2,0,6.7,61.2,Развитие здравоохранения
МО-Б03,Регион Б,Район-Б03,2023,январь,1,128599,0.416,223,192,12,19,8.52,5.28,20.0,8.9,10.5,14,2,0,5.7,70.2,Развитие здравоохранения
МО-Б03,Регион Б,Район-Б03,2023,февраль,2,128599,0.416,814,696,47,71,8.72,5.72,17.2,13.2,9.5,9,2,0,5.3,71.0,Развитие здравоохранения
МО-Б03,Регион Б,Район-Б03,2023,март,3,128599,0.416,884,795,26,63,7.13,5.75,16.7,12.3,6.9,10,2,0,6.2,48.9,Развитие здравоохранения
МО-Б03,Регион Б,Район-Б03,2023,апрель,4,128599,0.416,1080,943,60,77,7.13,5.9,15.2,12.2,13.3,12,3,0,8.0,69.9,Развитие здравоохранения
МО-Б03,Регион Б,Район-Б03,2023,май,5,128599,0.416,879,787,29,63,7.17,5.76,16.7,9.6,9.0,11,1,2,4.7,54.0,Развитие здравоохранения
МО-Б03,Регион Б,Район-Б03,2023,июнь,6,128599,0.416,844,740,37,67,7.94,5.02,18.4,14.6,8.4,8,3,0,6.6,54.5,Развитие здравоохранения
МО-Б03,Регион Б,Район-Б03,2023,июль,7,128599,0.416,468,422,12,34,7.26,4.92,17.8,14.8,7.4,10,0,0,7.4,70.7,Развитие здравоохранения
МО-Б03,Регион Б,Район-Б03,2023,август,8,128599,0.416,40,37,0,3,7.5,5.18,15.3,14.3,10.5,10,3,0,6.9,56.8,Развитие здравоохранения
МО-Б03,Регион Б,Район-Б03,2023,сентябрь,9,128599,0.416,978,882,31,65,6.65,5.65,17.1,13.7,12.1,9,2,0,6.4,58.8,Развитие здравоохранения
МО-Б03,Регион Б,Район-Б03,2023,октябрь,10,128599,0.416,258,226,14,18,6.98,4.95,18.3,9.5,7.3,13,3,0,2.7,59.7,Развитие здравоохранения
МО-Б03,Регион Б,Район-Б03,2023,ноябрь,11,128599,0.416,530,471,17,42,7.92,5.33,18.5,12.5,11.3,14,1,0,5.5,65.6,Развитие здравоохранения
МО-Б03,Регион Б,Район-Б03,2023,декабрь,12,128599,0.416,950,854,23,73,7.68,5.85,15.2,10.4,12.1,7,2,0,6.8,53.0,Развитие здравоохранения
МО-Б03,Регион Б,Район-Б03,2024,январь,1,128599,0.416,864,780,22,62,7.18,5.81,16.8,11.1,13.1,11,2,0,6.3,50.9,Развитие здравоохранения
МО-Б03,Регион Б,Район-Б03,2024,февраль,2,128599,0.416,40,37,0,3,7.5,5.51,14.8,13.3,6.8,8,2,0,4.0,69.8,Развитие здравоохранения
МО-Б03,Регион Б,Район-Б03,2024,март,3,128599,0.416,657,574,37,46,7.0,5.68,15.3,13.1,11.0,12,3,0,5.1,53.4,Развитие здравоохранения
МО-Б03,Регион Б,Район-Б03,2024,апрель,4,128599,0.416,196,178,6,12,6.12,4.93,17.5,13.9,11.0,12,2,0,8.8,65.0,Развитие здравоохранения
МО-Б03,Регион Б,Район-Б03,2024,май,5,128599,0.416,369,331,15,23,6.23,5.68,19.0,14.1,14.2,7,3,0,8.2,67.3,Развитие здравоохранения
МО-Б03,Регион Б,Район-Б03,2024,июнь,6,128599,0.416,40,37,1,2,5.0,5.22,14.9,9.9,9.5,9,1,0,5.9,48.7,Развитие здравоохранения
МО-Б03,Регион Б,Район-Б03,2024,июль,7,128599,0.416,40,36,1,3,7.5,5.52,18.8,14.0,14.6,13,3,0,6.6,63.2,Развитие здравоохранения
МО-Б03,Регион Б,Район-Б03,2024,август,8,128599,0.416,520,477,10,33,6.35,5.36,18.3,16.5,7.5,11,1,1,8.6,60.1,Развитие здравоохранения
МО-Б03,Регион Б,Район-Б03,2024,сентябрь,9,128599,0.416,65,59,2,4,6.15,4.93,14.2,9.6,10.6,12,5,0,6.8,54.2,Развитие здравоохранения
МО-Б03,Регион Б,Район-Б03,2024,октябрь,10,128599,0.416,40,35,2,3,7.5,5.87,14.6,9.3,12.8,7,0,0,5.8,50.9,Развитие здравоохранения
МО-Б03,Регион Б,Район-Б03,2024,ноябрь,11,128599,0.416,1247,1113,59,75,6.01,5.12,16.1,11.6,7.0,11,1,0,6.3,60.3,Развитие здравоохранения
МО-Б03,Регион Б,Район-Б03,2024,декабрь,12,128599,0.416,1180,1011,64,105,8.9,5.64,18.3,10.1,9.0,9,1,0,7.0,73.8,Развитие здравоохранения
МО-Б04,Регион Б,Район-Б04,2022,январь,1,80462,0.299,761,660,41,60,7.88,,25.2,20.9,19.6,1,1,0,7.3,76.2,Развитие здравоохранения
МО-Б04,Регион Б,Район-Б04,2022,февраль,2,80462,0.299,40,35,2,3,7.5,,26.8,18.9,13.8,9,1,0,6.2,71.5,Развитие здравоохранения
МО-Б04,Регион Б,Район-Б04,2022,март,3,80462,0.299,951,820,52,79,8.31,,26.3,17.3,21.7,6,2,0,9.7,88.3,Развитие здравоохранения
МО-Б04,Регион Б,Район-Б04,2022,апрель,4,80462,0.299,40,35,2,3,7.5,,23.0,23.6,21.9,5,2,0,5.8,59.7,Развитие здравоохранения
МО-Б04,Регион Б,Район-Б04,2022,май,5,80462,0.299,579,494,30,55,9.5,,23.6,22.4,20.7,5,3,0,5.5,69.1,Развитие здравоохранения
МО-Б04,Регион Б,Район-Б04,2022,июнь,6,80462,0.299,253,219,11,23,9.09,,27.4,18.3,13.8,9,2,0,9.1,72.3,Развитие здравоохранения
МО-Б04,Регион Б,Район-Б04,2022,июль,7,80462,0.299,387,338,19,30,7.75,,20.7,20.2,15.4,5,2,0,7.5,66.3,Развитие здравоохранения
МО-Б04,Регион Б,Район-Б04,2022,август,8,80462,0.299,397,361,9,27,6.8,,29.0,15.3,14.8,4,2,0,9.7,86.9,Развитие здравоохранения
МО-Б04,Регион Б,Район-Б04,2022,сентябрь,9,80462,0.299,368,324,18,26,7.07,,20.4,15.4,21.5,7,0,0,5.5,72.7,Развитие здравоохранения
МО-Б04,Регион Б,Район-Б04,2022,октябрь,10,80462,0.299,144,127,6,11,7.64,,24.4,19.8,10.3,9,1,0,7.3,73.4,Развитие здравоохранения
МО-Б04,Регион Б,Район-Б04,2022,ноябрь,11,80462,0.299,40,37,0,3,7.5,,26.4,19.9,14.1,3,2,0,7.9,75.0,Развитие здравоохранения
МО-Б04,Регион Б,Район-Б04,2022,декабрь,12,80462,0.299,40,37,0,3,7.5,,26.8,21.1,21.2,7,0,0,7.7,98.2,Развитие здравоохранения
МО-Б04,Регион Б,Район-Б04,2023,январь,1,80462,0.299,606,520,32,54,8.91,5.42,23.7,12.4,11.4,7,2,0,8.9,67.1,Развитие здравоохранения
МО-Б04,Регион Б,Район-Б04,2023,февраль,2,80462,0.299,40,36,1,3,7.5,6.21,26.1,12.9,17.0,7,1,0,8.5,70.3,Развитие здравоохранения
МО-Б04,Регион Б,Район-Б04,2023,март,3,80462,0.299,441,401,10,30,6.8,5.35,27.9,14.7,15.8,8,3,0,8.6,60.6,Развитие здравоохранения
МО-Б04,Регион Б,Район-Б04,2023,апрель,4,80462,0.299,285,257,9,19,6.67,5.94,28.0,15.1,15.3,6,1,0,8.1,79.6,Развитие здравоохранения
МО-Б04,Регион Б,Район-Б04,2023,май,5,80462,0.299,209,187,7,15,7.18,5.59,26.5,12.5,16.3,2,1,0,8.8,80.4,Развитие здравоохранения
МО-Б04,Регион Б,Район-Б04,2023,июнь,6,80462,0.299,175,160,3,12,6.86,5.47,29.0,16.7,14.8,9,3,0,8.0,75.6,Развитие здравоохранения
МО-Б04,Регион Б,Район-Б04,2023,июль,7,80462,0.299,542,475,20,47,8.67,6.29,23.3,15.5,10.7,9,1,0,5.8,75.3,Развитие здравоохранения
МО-Б04,Регион Б,Район-Б04,2023,август,8,80462,0.299,293,260,14,19,6.48,5.19,20.3,22.0,11.2,8,1,0,10.5,66.4,Развитие здравоохранения
МО-Б04,Регион Б,Район-Б04,2023,сентябрь,9,80462,0.299,858,744,44,70,8.16,5.39,24.3,18.2,11.1,10,0,1,4.8,67.7,Развитие здравоохранения
МО-Б04,Регион Б,Район-Б04,2023,октябрь,10,80462,0.299,395,345,21,29,7.34,5.26,24.7,24.4,16.8,8,1,1,8.2,65.6,Развитие здравоохранения
МО-Б04,Регион Б,Район-Б04,2023,ноябрь,11,80462,0.299,316,285,11,20,6.33,6.15,27.3,12.6,18.1,8,2,0,5.1,66.0,Развитие здравоохранения
МО-Б04,Регион Б,Район-Б04,2023,декабрь,12,80462,0.299,266,231,13,22,8.27,6.17,26.0,21.6,11.8,6,1,0,7.7,65.6,Развитие здравоохранения
МО-Б04,Регион Б,Район-Б04,2024,январь,1,80462,0.299,414,361,23,30,7.25,5.34,26.0,16.8,14.7,7,0,0,8.5,70.6,Развитие здравоохранения
МО-Б04,Регион Б,Район-Б04,2024,февраль,2,80462,0.299,40,35,2,3,7.5,5.75,23.5,23.0,18.3,6,1,0,5.7,63.0,Развитие здравоохранения
МО-Б04,Регион Б,Район-Б04,2024,март,3,80462,0.299,40,37,1,2,5.0,5.56,24.8,20.1,12.9,6,1,0,7.0,81.5,Развитие здравоохранения
МО-Б04,Регион Б,Район-Б04,2024,апрель,4,80462,0.299,40,36,1,3,7.5,5.57,22.7,22.4,16.2,11,1,0,5.5,74.5,Развитие здравоохранения
МО-Б04,Регион Б,Район-Б04,2024,май,5,80462,0.299,365,323,18,24,6.58,5.51,26.4,16.7,16.5,3,1,1,6.6,72.2,Развитие здравоохранения
МО-Б04,Регион Б,Район-Б04,2024,июнь,6,80462,0.299,137,124,3,10,7.3,6.06,27.8,14.5,17.8,3,1,0,6.3,77.3,Развитие здравоохранения
МО-Б04,Регион Б,Район-Б04,2024,июль,7,80462,0.299,40,37,1,2,5.0,5.46,29.2,22.3,21.9,6,2,0,10.6,71.4,Развитие здравоохранения
МО-Б04,Регион Б,Район-Б04,2024,август,8,80462,0.299,40,36,1,3,7.5,5.81,21.6,12.9,15.1,8,3,0,6.0,68.6,Развитие здравоохранения
МО-Б04,Регион Б,Район-Б04,2024,сентябрь,9,80462,0.299,454,399,23,32,7.05,5.24,28.0,15.7,16.6,8,1,1,9.5,71.5,Развитие здравоохранения
МО-Б04,Регион Б,Район-Б04,2024,октябрь,10,80462,0.299,505,457,10,38,7.52,5.55,25.8,15.7,15.1,11,1,1,6.4,71.0,Развитие здравоохранения
МО-Б04,Регион Б,Район-Б04,2024,ноябрь,11,80462,0.299,40,37,1,2,5.0,5.53,21.8,22.2,20.0,5,2,1,8.1,66.7,Развитие здравоохранения
МО-Б04,Регион Б,Район-Б04,2024,декабрь,12,80462,0.299,201,179,7,15,7.46,5.29,28.0,15.0,15.5,1,2,0,7.6,80.7,Развитие здравоохранения
МО-Б05,Регион Б,Район-Б05,2022,январь,1,22559,0.261,82,73,2,7,8.54,,13.8,8.6,6.9,10,1,0,8.6,47.8,Развитие здравоохранения
МО-Б05,Регион Б,Район-Б05,2022,февраль,2,22559,0.261,40,35,2,3,7.5,,15.5,13.9,10.3,7,1,1,6.6,48.1,Развитие здравоохранения
МО-Б05,Регион Б,Район-Б05,2022,март,3,22559,0.261,40,36,1,3,7.5,,14.8,13.9,7.8,7,1,1,8.7,63.8,Развитие здравоохранения
МО-Б05,Регион Б,Район-Б05,2022,апрель,4,22559,0.261,93,82,5,6,6.45,,14.0,13.2,9.8,11,2,0,7.9,62.5,Развитие здравоохранения
МО-Б05,Регион Б,Район-Б05,2022,май,5,22559,0.261,40,36,1,3,7.5,,13.9,10.6,14.0,8,1,0,10.0,46.7,Развитие здравоохранения
МО-Б05,Регион Б,Район-Б05,2022,июнь,6,22559,0.261,40,35,1,4,10.0,,17.2,8.5,13.4,6,3,1,9.3,61.8,Развитие здравоохранения
МО-Б05,Регион Б,Район-Б05,2022,июль,7,22559,0.261,187,165,5,17,9.09,,18.2,9.6,8.7,7,1,0,9.1,63.7,Развитие здравоохранения
МО-Б05,Регион Б,Район-Б05,2022,август,8,22559,0.261,40,35,1,4,10.0,,15.9,15.1,13.2,5,2,1,9.5,70.7,Развитие здравоохранения
МО-Б05,Регион Б,Район-Б05,2022,сентябрь,9,22559,0.261,122,109,3,10,8.2,,15.3,13.7,11.9,9,3,1,8.7,59.0,Развитие здравоохранения
МО-Б05,Регион Б,Район-Б05,2022,октябрь,10,22559,0.261,193,172,7,14,7.25,,12.8,8.8,6.6,6,2,0,10.5,42.6,Развитие здравоохранения
МО-Б05,Регион Б,Район-Б05,2022,ноябрь,11,22559,0.261,40,37,0,3,7.5,,14.0,12.8,12.1,8,3,0,10.4,56.0,Развитие здравоохранения
МО-Б05,Регион Б,Район-Б05,2022,декабрь,12,22559,0.261,126,111,4,11,8.73,,15.7,15.3,13.6,5,1,1,8.2,45.5,Развитие здравоохранения
МО-Б05,Регион Б,Район-Б05,2023,январь,1,22559,0.261,76,67,3,6,7.89,6.07,17.5,9.4,10.9,6,1,0,7.5,56.2,Развитие здравоохранения
МО-Б05,Регион Б,Район-Б05,2023,февраль,2,22559,0.261,40,36,1,3,7.5,5.5,15.2,12.8,7.4,10,3,0,8.7,46.2,Развитие здравоохранения
МО-Б05,Регион Б,Район-Б05,2023,март,3,22559,0.261,48,44,1,3,6.25,6.0,15.5,11.4,9.9,10,3,0,8.3,59.6,Развитие здравоохранения
МО-Б05,Регион Б,Район-Б05,2023,апрель,4,22559,0.261,302,267,9,26,8.61,5.54,15.4,10.8,11.3,7,0,0,7.6,65.7,Развитие здравоохранения
МО-Б05,Регион Б,Район-Б05,2023,май,5,22559,0.261,40,36,1,3,7.5,5.89,13.7,15.0,7.5,9,2,0,8.4,49.4,Развитие здравоохранения
МО-Б05,Регион Б,Район-Б05,2023,июнь,6,22559,0.261,153,138,3,12,7.84,5.95,17.4,11.4,11.1,9,2,0,7.9,60.7,Развитие здравоохранения
МО-Б05,Регион Б,Район-Б05,2023,июль,7,22559,0.261,40,37,0,3,7.5,6.4,17.0,12.2,6.8,9,4,0,7.1,68.7,Развитие здравоохранения
МО-Б05,Регион Б,Район-Б05,2023,август,8,22559,0.261,40,37,1,2,5.0,6.55,13.0,10.8,9.3,9,3,0,9.6,53.0,Развитие здравоохранения
МО-Б05,Регион Б,Район-Б05,2023,сентябрь,9,22559,0.261,40,36,1,3,7.5,6.12,14.1,14.9,6.2,7,4,0,8.5,65.3,Развитие здравоохранения
МО-Б05,Регион Б,Район-Б05,2023,октябрь,10,22559,0.261,191,164,10,17,8.9,6.06,13.0,11.4,13.2,9,0,0,10.9,38.4,Развитие здравоохранения
МО-Б05,Регион Б,Район-Б05,2023,ноябрь,11,22559,0.261,67,59,3,5,7.46,5.87,16.6,11.9,11.4,11,2,0,7.6,46.7,Развитие здравоохранения
МО-Б05,Регион Б,Район-Б05,2023,декабрь,12,22559,0.261,90,79,3,8,8.89,5.8,18.3,10.1,13.8,7,2,0,6.4,54.6,Развитие здравоохранения
МО-Б05,Регион Б,Район-Б05,2024,январь,1,22559,0.261,65,57,3,5,7.69,5.74,18.4,11.4,7.4,12,3,0,7.1,72.6,Развитие здравоохранения
МО-Б05,Регион Б,Район-Б05,2024,февраль,2,22559,0.261,40,36,1,3,7.5,6.05,18.2,8.3,8.7,9,3,0,9.0,58.1,Развитие здравоохранения
МО-Б05,Регион Б,Район-Б05,2024,март,3,22559,0.261,47,42,1,4,8.51,5.76,17.9,11.6,13.7,8,1,0,9.4,56.5,Развитие здравоохранения
МО-Б05,Регион Б,Район-Б05,2024,апрель,4,22559,0.261,40,37,1,2,5.0,5.92,13.0,8.4,12.4,8,3,0,8.0,54.7,Развитие здравоохранения
МО-Б05,Регион Б,Район-Б05,2024,май,5,22559,0.261,276,238,16,22,7.97,5.48,13.6,8.8,13.9,8,1,1,9.4,48.7,Развитие здравоохранения
МО-Б05,Регион Б,Район-Б05,2024,июнь,6,22559,0.261,46,41,1,4,8.7,5.53,16.1,15.5,11.0,8,2,0,9.4,66.1,Развитие здравоохранения
МО-Б05,Регион Б,Район-Б05,2024,июль,7,22559,0.261,128,112,5,11,8.59,6.1,17.6,10.0,6.7,8,1,0,7.3,51.7,Развитие здравоохранения
МО-Б05,Регион Б,Район-Б05,2024,август,8,22559,0.261,201,181,4,16,7.96,6.48,16.6,13.2,12.5,10,1,1,8.1,71.9,Развитие здравоохранения
МО-Б05,Регион Б,Район-Б05,2024,сентябрь,9,22559,0.261,40,36,2,2,5.0,5.84,14.5,9.7,7.4,10,2,0,8.1,54.7,Развитие здравоохранения
МО-Б05,Регион Б,Район-Б05,2024,октябрь,10,22559,0.261,171,157,3,11,6.43,6.38,16.7,12.3,11.8,10,1,0,6.5,45.0,Развитие здравоохранения
МО-Б05,Регион Б,Район-Б05,2024,ноябрь,11,22559,0.261,40,36,1,3,7.5,6.04,12.7,9.0,7.7,7,2,0,9.4,49.2,Развитие здравоохранения
МО-Б05,Регион Б,Район-Б05,2024,декабрь,12,22559,0.261,126,111,4,11,8.73,6.31,14.5,8.8,8.8,10,3,0,7.4,73.1,Развитие здравоохранения
МО-Б06,Регион Б,Район-Б06,2022,январь,1,114658,0.244,40,36,2,2,5.0,,17.2,13.3,15.9,9,4,1,6.1,71.7,Развитие здравоохранения
МО-Б06,Регион Б,Район-Б06,2022,февраль,2,114658,0.244,1587,1391,80,116,7.31,,18.8,15.3,14.3,10,2,0,3.2,64.8,Развитие здравоохранения
МО-Б06,Регион Б,Район-Б06,2022,март,3,114658,0.244,40,37,1,2,5.0,,17.9,13.7,15.1,11,4,0,4.8,56.3,Развитие здравоохранения
МО-Б06,Регион Б,Район-Б06,2022,апрель,4,114658,0.244,1360,1199,56,105,7.72,,18.1,15.7,7.5,10,2,1,4.2,52.0,Развитие здравоохранения
МО-Б06,Регион Б,Район-Б06,2022,май,5,114658,0.244,40,36,1,3,7.5,,15.9,11.7,12.4,11,1,0,5.8,57.0,Развитие здравоохранения
МО-Б06,Регион Б,Район-Б06,2022,июнь,6,114658,0.244,541,484,22,35,6.47,,14.6,17.4,11.1,15,1,0,8.6,53.2,Развитие здравоохранения
МО-Б06,Регион Б,Район-Б06,2022,июль,7,114658,0.244,226,201,9,16,7.08,,21.1,16.0,12.8,14,2,1,10.3,74.2,Развитие здравоохранения
МО-Б06,Регион Б,Район-Б06,2022,август,8,114658,0.244,574,523,16,35,6.1,,21.3,13.9,10.1,14,2,0,5.8,64.0,Развитие здравоохранения
МО-Б06,Регион Б,Район-Б06,2022,сентябрь,9,114658,0.244,40,37,1,2,5.0,,16.1,14.8,13.1,7,0,1,6.3,63.7,Развитие здравоохранения
МО-Б06,Регион Б,Район-Б06,2022,октябрь,10,114658,0.244,1468,1302,61,105,7.15,,14.8,17.7,14.9,13,2,0,6.2,71.1,Развитие здравоохранения
МО-Б06,Регион Б,Район-Б06,2022,ноябрь,11,114658,0.244,761,681,28,52,6.83,,15.1,15.7,14.1,6,2,0,5.4,52.0,Развитие здравоохранения
МО-Б06,Регион Б,Район-Б06,2022,декабрь,12,114658,0.244,1258,1138,34,86,6.84,,21.0,15.4,15.3,12,0,0,6.5,41.7,Развитие здравоохранения
МО-Б06,Регион Б,Район-Б06,2023,январь,1,114658,0.244,656,578,31,47,7.16,4.72,21.3,15.7,10.3,12,2,1,6.0,63.2,Развитие здравоохранения
МО-Б06,Регион Б,Район-Б06,2023,февраль,2,114658,0.244,40,37,1,2,5.0,5.15,19.8,15.6,7.7,10,3,0,4.2,50.0,Развитие здравоохранения
МО-Б06,Регион Б,Район-Б06,2023,март,3,114658,0.244,40,37,1,2,5.0,4.73,14.6,13.0,7.2,11,0,1,8.0,52.2,Развитие здравоохранения
МО-Б06,Регион Б,Район-Б06,2023,апрель,4,114658,0.244,40,36,2,2,5.0,4.62,20.3,14.2,12.1,13,3,0,1.0,66.4,Развитие здравоохранения
МО-Б06,Регион Б,Район-Б06,2023,май,5,114658,0.244,303,277,6,20,6.6,5.35,16.5,11.7,14.5,9,2,1,7.2,62.0,Развитие здравоохранения
МО-Б06,Регион Б,Район-Б06,2023,июнь,6,114658,0.244,685,620,24,41,5.99,4.68,16.7,12.6,7.8,10,2,0,5.6,66.4,Развитие здравоохранения
МО-Б06,Регион Б,Район-Б06,2023,июль,7,114658,0.244,1982,1750,96,136,6.86,5.38,20.9,14.3,14.7,12,2,0,5.9,73.5,Развитие здравоохранения
МО-Б06,Регион Б,Район-Б06,2023,август,8,114658,0.244,660,587,34,39,5.91,4.76,16.2,16.4,12.0,10,0,0,6.7,50.0,Развитие здравоохранения
МО-Б06,Регион Б,Район-Б06,2023,сентябрь,9,114658,0.244,40,37,1,2,5.0,4.82,20.7,15.6,7.5,9,3,0,5.4,60.7,Развитие здравоохранения
МО-Б06,Регион Б,Район-Б06,2023,октябрь,10,114658,0.244,587,519,25,43,7.33,4.64,17.7,13.1,10.4,11,2,0,4.4,56.0,Развитие здравоохранения
МО-Б06,Регион Б,Район-Б06,2023,ноябрь,11,114658,0.244,447,401,20,26,5.82,5.09,20.5,14.5,7.3,10,3,1,7.8,83.3,Развитие здравоохранения
МО-Б06,Регион Б,Район-Б06,2023,декабрь,12,114658,0.244,831,746,16,69,8.3,5.04,16.2,16.0,14.1,9,3,1,7.0,61.3,Развитие здравоохранения
МО-Б06,Регион Б,Район-Б06,2024,январь,1,114658,0.244,195,175,6,14,7.18,4.93,18.5,17.0,9.7,10,2,1,7.1,68.6,Развитие здравоохранения
МО-Б06,Регион Б,Район-Б06,2024,февраль,2,114658,0.244,40,36,1,3,7.5,4.72,16.1,10.1,8.8,9,2,0,5.6,55.4,Развитие здравоохранения
МО-Б06,Регион Б,Район-Б06,2024,март,3,114658,0.244,2350,2072,115,163,6.94,5.2,15.2,10.9,15.7,12,1,0,5.4,43.1,Развитие здравоохранения
МО-Б06,Регион Б,Район-Б06,2024,апрель,4,114658,0.244,653,599,16,38,5.82,5.24,19.9,16.7,10.0,11,1,0,5.3,57.0,Развитие здравоохранения
МО-Б06,Регион Б,Район-Б06,2024,май,5,114658,0.244,626,569,21,36,5.75,5.38,20.4,14.8,11.5,13,3,0,6.0,74.1,Развитие здравоохранения
МО-Б06,Регион Б,Район-Б06,2024,июнь,6,114658,0.244,925,814,46,65,7.03,5.04,15.7,9.9,9.7,14,2,0,6.2,49.6,Развитие здравоохранения
МО-Б06,Регион Б,Район-Б06,2024,июль,7,114658,0.244,398,358,12,28,7.04,4.75,15.7,16.6,14.6,10,3,0,4.4,59.6,Развитие здравоохранения
МО-Б06,Регион Б,Район-Б06,2024,август,8,114658,0.244,1050,943,37,70,6.67,5.49,18.2,14.6,8.4,13,2,1,6.0,65.9,Развитие здравоохранения
МО-Б06,Регион Б,Район-Б06,2024,сентябрь,9,114658,0.244,829,750,29,50,6.03,4.6,21.1,9.9,15.1,9,2,0,9.4,61.8,Развитие здравоохранения
МО-Б06,Регион Б,Район-Б06,2024,октябрь,10,114658,0.244,844,735,48,61,7.23,5.14,21.2,8.9,15.7,9,2,1,4.2,63.4,Развитие здравоохранения
МО-Б06,Регион Б,Район-Б06,2024,ноябрь,11,114658,0.244,758,691,24,43,5.67,5.28,16.1,16.1,12.4,11,1,0,7.9,56.6,Развитие здравоохранения
МО-Б06,Регион Б,Район-Б06,2024,декабрь,12,114658,0.244,40,35,2,3,7.5,4.85,20.4,12.1,13.9,12,1,0,4.3,69.9,Развитие здравоохранения
МО-Б07,Регион Б,Район-Б07,2022,январь,1,153698,0.268,379,331,20,28,7.39,,15.0,12.0,15.3,10,4,0,9.9,56.2,Развитие здравоохранения
МО-Б07,Регион Б,Район-Б07,2022,февраль,2,153698,0.268,1339,1210,40,89,6.65,,19.9,12.0,15.3,13,1,0,8.9,62.6,Развитие здравоохранения
МО-Б07,Регион Б,Район-Б07,2022,март,3,153698,0.268,1449,1287,63,99,6.83,,18.7,16.5,8.9,9,2,0,9.6,74.7,Развитие здравоохранения
МО-Б07,Регион Б,Район-Б07,2022,апрель,4,153698,0.268,277,239,14,24,8.66,,19.7,9.4,11.1,6,2,1,10.7,64.6,Развитие здравоохранения
МО-Б07,Регион Б,Район-Б07,2022,май,5,153698,0.268,1691,1488,83,120,7.1,,20.3,13.4,12.5,9,3,1,8.4,67.9,Развитие здравоохранения
МО-Б07,Регион Б,Район-Б07,2022,июнь,6,153698,0.268,1130,1025,25,80,7.08,,16.7,13.8,7.1,14,2,0,6.7,70.0,Развитие здравоохранения
МО-Б07,Регион Б,Район-Б07,2022,июль,7,153698,0.268,613,531,32,50,8.16,,14.7,11.7,8.3,7,3,0,9.2,50.1,Развитие здравоохранения
МО-Б07,Регион Б,Район-Б07,2022,август,8,153698,0.268,899,802,33,64,7.12,,18.4,9.9,12.9,11,2,0,5.2,59.3,Развитие здравоохранения
МО-Б07,Регион Б,Район-Б07,2022,сентябрь,9,153698,0.268,40,36,1,3,7.5,,19.3,13.6,12.4,8,3,1,9.7,77.4,Развитие здравоохранения
МО-Б07,Регион Б,Район-Б07,2022,октябрь,10,153698,0.268,40,35,2,3,7.5,,19.3,10.2,9.3,11,2,0,10.0,69.7,Развитие здравоохранения
МО-Б07,Регион Б,Район-Б07,2022,ноябрь,11,153698,0.268,627,553,25,49,7.81,,19.5,13.3,10.2,10,1,0,8.5,61.8,Развитие здравоохранения
МО-Б07,Регион Б,Район-Б07,2022,декабрь,12,153698,0.268,1182,1067,26,89,7.53,,19.5,13.2,7.4,14,2,0,7.7,63.7,Развитие здравоохранения
МО-Б07,Регион Б,Район-Б07,2023,январь,1,153698,0.268,444,397,9,38,8.56,5.41,19.3,9.7,13.5,13,2,0,9.3,70.9,Развитие здравоохранения
МО-Б07,Регион Б,Район-Б07,2023,февраль,2,153698,0.268,40,36,2,2,5.0,5.37,18.3,17.0,9.7,12,2,0,10.5,64.5,Развитие здравоохранения
МО-Б07,Регион Б,Район-Б07,2023,март,3,153698,0.268,1895,1720,62,113,5.96,5.69,19.1,13.5,7.5,11,3,1,10.5,71.8,Развитие здравоохранения
МО-Б07,Регион Б,Район-Б07,2023,апрель,4,153698,0.268,40,36,1,3,7.5,5.53,18.5,16.9,9.5,10,1,0,7.1,62.6,Развитие здравоохранения
МО-Б07,Регион Б,Район-Б07,2023,май,5,153698,0.268,393,356,10,27,6.87,5.59,17.3,11.0,11.3,12,2,0,8.9,55.1,Развитие здравоохранения
МО-Б07,Регион Б,Район-Б07,2023,июнь,6,153698,0.268,348,318,7,23,6.61,5.35,13.8,13.6,6.8,10,2,0,7.6,61.7,Развитие здравоохранения
МО-Б07,Регион Б,Район-Б07,2023,июль,7,153698,0.268,40,36,1,3,7.5,5.48,15.2,9.8,9.1,13,2,1,7.6,51.3,Развитие здравоохранения
МО-Б07,Регион Б,Район-Б07,2023,август,8,153698,0.268,1098,1002,23,73,6.65,5.64,17.9,9.0,8.6,8,1,1,6.4,57.9,Развитие здравоохранения
МО-Б07,Регион Б,Район-Б07,2023,сентябрь,9,153698,0.268,544,481,24,39,7.17,5.88,19.9,10.1,7.4,10,2,0,9.4,70.4,Развитие здравоохранения
МО-Б07,Регион Б,Район-Б07,2023,октябрь,10,153698,0.268,713,634,29,50,7.01,4.9,17.9,10.7,14.1,10,3,1,4.9,62.0,Развитие здравоохранения
МО-Б07,Регион Б,Район-Б07,2023,ноябрь,11,153698,0.268,40,36,1,3,7.5,4.96,15.5,9.8,7.4,11,2,0,8.1,63.0,Развитие здравоохранения
МО-Б07,Регион Б,Район-Б07,2023,декабрь,12,153698,0.268,40,36,1,3,7.5,5.06,15.3,12.1,12.9,9,1,1,7.3,57.0,Развитие здравоохранения
МО-Б07,Регион Б,Район-Б07,2024,январь,1,153698,0.268,40,36,2,2,5.0,5.75,15.6,16.9,10.1,14,1,1,8.5,42.4,Развитие здравоохранения
МО-Б07,Регион Б,Район-Б07,2024,февраль,2,153698,0.268,1265,1116,59,90,7.11,5.25,18.3,11.0,15.0,11,2,0,9.6,66.4,Развитие здравоохранения
МО-Б07,Регион Б,Район-Б07,2024,март,3,153698,0.268,40,37,1,2,5.0,5.75,17.1,16.3,13.4,12,2,0,6.7,57.4,Развитие здравоохранения
МО-Б07,Регион Б,Район-Б07,2024,апрель,4,153698,0.268,1460,1279,85,96,6.58,5.38,19.3,9.0,12.7,16,4,0,11.1,69.5,Развитие здравоохранения
МО-Б07,Регион Б,Район-Б07,2024,май,5,153698,0.268,632,561,31,40,6.33,5.26,19.3,10.7,9.5,15,2,0,8.5,68.3,Развитие здравоохранения
МО-Б07,Регион Б,Район-Б07,2024,июнь,6,153698,0.268,786,698,32,56,7.12,5.65,19.0,13.2,12.0,11,3,1,7.7,59.6,Развитие здравоохранения
МО-Б07,Регион Б,Район-Б07,2024,июль,7,153698,0.268,674,606,19,49,7.27,5.82,19.5,14.7,15.0,13,3,0,5.8,63.8,Развитие здравоохранения
МО-Б07,Регион Б,Район-Б07,2024,август,8,153698,0.268,155,139,6,10,6.45,5.32,17.4,15.9,14.4,12,3,0,10.5,36.3,Развитие здравоохранения
МО-Б07,Регион Б,Район-Б07,2024,сентябрь,9,153698,0.268,871,785,21,65,7.46,5.03,17.7,16.4,8.9,11,1,0,8.0,55.6,Развитие здравоохранения
МО-Б07,Регион Б,Район-Б07,2024,октябрь,10,153698,0.268,64,58,3,3,4.69,5.33,13.7,13.8,8.6,16,1,1,8.7,57.6,Развитие здравоохранения
МО-Б07,Регион Б,Район-Б07,2024,ноябрь,11,153698,0.268,401,361,16,24,5.99,5.7,15.6,13.1,8.7,11,1,0,9.4,49.4,Развитие здравоохранения
МО-Б07,Регион Б,Район-Б07,2024,декабрь,12,153698,0.268,544,480,26,38,6.99,5.88,17.8,12.8,7.4,9,1,0,7.8,63.4,Развитие здравоохранения
МО-Б08,Регион Б,Район-Б08,2022,январь,1,104301,0.336,1083,955,44,84,7.76,,26.4,23.9,22.3,6,0,0,7.1,82.5,Развитие здравоохранения
МО-Б08,Регион Б,Район-Б08,2022,февраль,2,104301,0.336,40,37,1,2,5.0,,23.2,15.5,21.6,9,2,0,9.6,92.6,Развитие здравоохранения
МО-Б08,Регион Б,Район-Б08,2022,март,3,104301,0.336,40,37,0,3,7.5,,31.5,14.1,13.1,7,1,0,8.0,78.6,Развитие здравоохранения
МО-Б08,Регион Б,Район-Б08,2022,апрель,4,104301,0.336,512,446,26,40,7.81,,27.5,16.2,18.8,9,0,0,6.3,80.9,Развитие здравоохранения
МО-Б08,Регион Б,Район-Б08,2022,май,5,104301,0.336,941,825,29,87,9.25,,32.5,15.3,15.1,6,0,0,10.6,82.5,Развитие здравоохранения
МО-Б08,Регион Б,Район-Б08,2022,июнь,6,104301,0.336,136,118,6,12,8.82,,27.7,19.3,13.9,9,1,0,8.5,79.2,Развитие здравоохранения
МО-Б08,Регион Б,Район-Б08,2022,июль,7,104301,0.336,40,36,1,3,7.5,,32.8,21.7,11.8,10,1,1,10.2,79.2,Развитие здравоохранения
МО-Б08,Регион Б,Район-Б08,2022,август,8,104301,0.336,40,36,1,3,7.5,,28.2,26.6,16.7,8,0,0,9.5,68.8,Развитие здравоохранения
МО-Б08,Регион Б,Район-Б08,2022,сентябрь,9,104301,0.336,708,613,33,62,8.76,,30.3,25.4,12.2,5,1,0,8.4,70.2,Развитие здравоохранения
МО-Б08,Регион Б,Район-Б08,2022,октябрь,10,104301,0.336,40,36,1,3,7.5,,30.4,25.8,18.8,6,2,0,11.0,75.7,Развитие здравоохранения
МО-Б08,Регион Б,Район-Б08,2022,ноябрь,11,104301,0.336,1122,980,57,85,7.58,,30.4,19.6,18.7,10,2,0,7.8,79.4,Развитие здравоохранения
МО-Б08,Регион Б,Район-Б08,2022,декабрь,12,104301,0.336,64,57,2,5,7.81,,31.7,22.5,13.3,7,2,1,9.1,82.4,Развитие здравоохранения
МО-Б08,Регион Б,Район-Б08,2023,январь,1,104301,0.336,40,35,2,3,7.5,5.63,31.8,20.8,20.0,6,1,0,8.5,76.8,Развитие здравоохранения
МО-Б08,Регион Б,Район-Б08,2023,февраль,2,104301,0.336,827,726,38,63,7.62,5.98,31.8,21.5,16.9,8,3,0,8.3,74.7,Развитие здравоохранения
МО-Б08,Регион Б,Район-Б08,2023,март,3,104301,0.336,401,358,18,25,6.23,5.04,27.9,21.5,15.7,5,0,0,8.4,86.9,Развитие здравоохранения
МО-Б08,Регион Б,Район-Б08,2023,апрель,4,104301,0.336,433,377,23,33,7.62,5.76,30.8,18.0,15.6,7,2,0,9.4,69.7,Развитие здравоохранения
МО-Б08,Регион Б,Район-Б08,2023,май,5,104301,0.336,109,97,5,7,6.42,5.84,24.9,26.0,22.7,8,2,0,8.0,72.0,Развитие здравоохранения
МО-Б08,Регион Б,Район-Б08,2023,июнь,6,104301,0.336,40,36,2,2,5.0,5.36,32.9,15.3,24.4,5,1,0,8.8,86.9,Развитие здравоохранения
МО-Б08,Регион Б,Район-Б08,2023,июль,7,104301,0.336,40,37,0,3,7.5,5.95,26.0,14.5,19.8,5,3,0,10.2,79.8,Развитие здравоохранения
МО-Б08,Регион Б,Район-Б08,2023,август,8,104301,0.336,850,758,38,54,6.35,5.15,28.3,19.8,16.6,8,3,1,8.2,83.8,Развитие здравоохранения
МО-Б08,Регион Б,Район-Б08,2023,сентябрь,9,104301,0.336,954,859,29,66,6.92,5.12,29.7,19.8,12.9,8,0,1,7.0,70.1,Развитие здравоохранения
МО-Б08,Регион Б,Район-Б08,2023,октябрь,10,104301,0.336,40,36,2,2,5.0,5.71,31.0,26.3,23.6,10,3,0,8.5,80.3,Развитие здравоохранения
МО-Б08,Регион Б,Район-Б08,2023,ноябрь,11,104301,0.336,367,321,17,29,7.9,5.22,32.5,16.4,17.2,7,2,0,9.3,80.6,Развитие здравоохранения
МО-Б08,Регион Б,Район-Б08,2023,декабрь,12,104301,0.336,665,583,23,59,8.87,5.44,32.1,20.1,13.8,7,4,0,7.7,80.2,Развитие здравоохранения
МО-Б08,Регион Б,Район-Б08,2024,январь,1,104301,0.336,611,545,22,44,7.2,5.82,32.6,18.0,17.4,9,0,0,7.3,87.6,Развитие здравоохранения
МО-Б08,Регион Б,Район-Б08,2024,февраль,2,104301,0.336,40,36,1,3,7.5,5.57,29.9,16.0,18.9,9,3,0,7.9,82.1,Развитие здравоохранения
МО-Б08,Регион Б,Район-Б08,2024,март,3,104301,0.336,575,526,12,37,6.43,5.42,29.4,25.1,16.4,6,0,0,10.0,71.7,Развитие здравоохранения
МО-Б08,Регион Б,Район-Б08,2024,апрель,4,104301,0.336,40,37,0,3,7.5,5.83,28.9,25.7,23.2,8,0,0,8.8,81.5,Развитие здравоохранения
МО-Б08,Регион Б,Район-Б08,2024,май,5,104301,0.336,40,37,1,2,5.0,5.72,27.3,23.7,19.3,7,2,1,9.4,61.5,Развитие здравоохранения
МО-Б08,Регион Б,Район-Б08,2024,июнь,6,104301,0.336,40,36,1,3,7.5,5.67,25.4,14.1,14.1,6,2,0,10.6,75.1,Развитие здравоохранения
МО-Б08,Регион Б,Район-Б08,2024,июль,7,104301,0.336,40,36,1,3,7.5,6.0,26.9,23.3,16.5,6,2,0,5.8,83.2,Развитие здравоохранения
МО-Б08,Регион Б,Район-Б08,2024,август,8,104301,0.336,907,828,18,61,6.73,5.52,22.8,25.2,13.4,10,1,0,10.5,90.2,Развитие здравоохранения
МО-Б08,Регион Б,Район-Б08,2024,сентябрь,9,104301,0.336,40,37,1,2,5.0,5.99,32.2,23.1,16.5,5,2,0,5.9,68.0,Развитие здравоохранения
МО-Б08,Регион Б,Район-Б08,2024,октябрь,10,104301,0.336,956,858,34,64,6.69,5.43,28.4,14.2,19.0,9,2,0,6.1,82.3,Развитие здравоохранения
МО-Б08,Регион Б,Район-Б08,2024,ноябрь,11,104301,0.336,189,174,4,11,5.82,5.89,22.3,18.2,11.4,10,0,0,7.0,59.9,Развитие здравоохранения
МО-Б08,Регион Б,Район-Б08,2024,декабрь,12,104301,0.336,1043,914,42,87,8.34,5.25,23.3,25.8,15.6,7,1,0,6.5,61.6,Развитие здравоохранения
МО-Б09,Регион Б,Район-Б09,2022,январь,1,48464,0.253,105,93,5,7,6.67,,24.5,17.8,13.0,9,1,0,10.9,66.8,Развитие здравоохранения
МО-Б09,Регион Б,Район-Б09,2022,февраль,2,48464,0.253,40,38,0,2,5.0,,22.0,13.4,16.6,8,2,0,6.9,52.5,Развитие здравоохранения
МО-Б09,Регион Б,Район-Б09,2022,март,3,48464,0.253,40,37,1,2,5.0,,24.5,15.8,15.9,7,2,1,8.9,81.2,Развитие здравоохранения
МО-Б09,Регион Б,Район-Б09,2022,апрель,4,48464,0.253,40,37,1,2,5.0,,16.8,17.2,15.6,7,2,0,8.7,44.6,Развитие здравоохранения
МО-Б09,Регион Б,Район-Б09,2022,май,5,48464,0.253,40,37,1,2,5.0,,19.6,15.3,8.8,3,1,0,10.4,61.5,Развитие здравоохранения
МО-Б09,Регион Б,Район-Б09,2022,июнь,6,48464,0.253,151,136,6,9,5.96,,20.7,14.6,9.9,3,2,0,10.1,71.6,Развитие здравоохранения
МО-Б09,Регион Б,Район-Б09,2022,июль,7,48464,0.253,512,447,26,39,7.62,,23.8,12.8,18.3,6,0,0,9.1,69.1,Развитие здравоохранения
МО-Б09,Регион Б,Район-Б09,2022,август,8,48464,0.253,40,36,1,3,7.5,,23.2,18.1,18.2,8,2,1,6.7,83.3,Развитие здравоохранения
МО-Б09,Регион Б,Район-Б09,2022,сентябрь,9,48464,0.253,437,393,14,30,6.86,,21.9,17.7,9.5,11,3,0,11.6,75.6,Развитие здравоохранения
МО-Б09,Регион Б,Район-Б09,2022,октябрь,10,48464,0.253,123,108,7,8,6.5,,24.8,16.4,8.6,7,1,1,8.5,58.7,Развитие здравоохранения
МО-Б09,Регион Б,Район-Б09,2022,ноябрь,11,48464,0.253,187,168,8,11,5.88,,21.1,16.6,18.1,8,2,0,9.2,66.9,Развитие здравоохранения
МО-Б09,Регион Б,Район-Б09,2022,декабрь,12,48464,0.253,40,38,0,2,5.0,,23.8,12.7,11.6,6,1,1,9.1,77.0,Развитие здравоохранения
МО-Б09,Регион Б,Район-Б09,2023,январь,1,48464,0.253,467,412,25,30,6.42,4.97,20.8,19.4,13.9,9,1,1,10.0,64.2,Развитие здравоохранения
МО-Б09,Регион Б,Район-Б09,2023,февраль,2,48464,0.253,345,304,16,25,7.25,4.82,17.7,20.5,16.7,6,2,0,7.7,64.5,Развитие здравоохранения
МО-Б09,Регион Б,Район-Б09,2023,март,3,48464,0.253,278,251,10,17,6.12,4.29,22.9,11.9,13.4,6,1,0,10.7,61.2,Развитие здравоохранения
МО-Б09,Регион Б,Район-Б09,2023,апрель,4,48464,0.253,300,277,7,16,5.33,4.53,23.6,19.0,12.9,5,2,0,10.0,61.0,Развитие здравоохранения
МО-Б09,Регион Б,Район-Б09,2023,май,5,48464,0.253,231,211,7,13,5.63,4.38,20.9,14.0,11.9,5,1,0,8.4,64.5,Развитие здравоохранения
МО-Б09,Регион Б,Район-Б09,2023,июнь,6,48464,0.253,40,37,1,2,5.0,4.88,21.9,12.4,9.7,4,3,0,12.4,64.9,Развитие здравоохранения
МО-Б09,Регион Б,Район-Б09,2023,июль,7,48464,0.253,40,36,2,2,5.0,5.03,17.2,18.9,12.3,7,1,1,10.1,80.9,Развитие здравоохранения
МО-Б09,Регион Б,Район-Б09,2023,август,8,48464,0.253,498,439,26,33,6.63,4.96,24.1,11.2,8.5,10,1,0,10.3,82.0,Развитие здравоохранения
МО-Б09,Регион Б,Район-Б09,2023,сентябрь,9,48464,0.253,40,37,1,2,5.0,5.0,21.2,14.5,14.6,6,2,0,6.8,66.8,Развитие здравоохранения
МО-Б09,Регион Б,Район-Б09,2023,октябрь,10,48464,0.253,332,298,15,19,5.72,4.63,24.8,17.2,10.0,7,2,0,7.2,70.9,Развитие здравоохранения
МО-Б09,Регион Б,Район-Б09,2023,ноябрь,11,48464,0.253,276,245,16,15,5.43,4.71,23.6,12.3,14.1,8,2,0,9.9,73.1,Развитие здравоохранения
МО-Б09,Регион Б,Район-Б09,2023,декабрь,12,48464,0.253,203,184,4,15,7.39,4.51,17.6,14.5,8.5,8,2,0,9.6,66.1,Развитие здравоохранения
МО-Б09,Регион Б,Район-Б09,2024,январь,1,48464,0.253,106,98,2,6,5.66,4.66,21.1,11.4,13.2,5,2,0,8.4,67.5,Развитие здравоохранения
МО-Б09,Регион Б,Район-Б09,2024,февраль,2,48464,0.253,156,140,6,10,6.41,4.58,24.0,20.4,11.8,5,0,0,10.1,59.2,Развитие здравоохранения
МО-Б09,Регион Б,Район-Б09,2024,март,3,48464,0.253,40,37,1,2,5.0,4.59,21.4,12.4,13.0,8,2,0,11.8,71.8,Развитие здравоохранения
МО-Б09,Регион Б,Район-Б09,2024,апрель,4,48464,0.253,297,262,16,19,6.4,4.83,24.9,20.5,18.1,10,1,0,8.0,67.6,Развитие здравоохранения
МО-Б09,Регион Б,Район-Б09,2024,май,5,48464,0.253,40,36,2,2,5.0,4.9,23.5,17.4,14.5,5,1,0,8.6,68.4,Развитие здравоохранения
МО-Б09,Регион Б,Район-Б09,2024,июнь,6,48464,0.253,338,307,10,21,6.21,4.76,24.3,12.6,14.2,9,1,1,7.5,72.2,Развитие здравоохранения
МО-Б09,Регион Б,Район-Б09,2024,июль,7,48464,0.253,120,107,6,7,5.83,4.5,24.7,16.5,11.1,3,1,1,10.0,61.2,Развитие здравоохранения
МО-Б09,Регион Б,Район-Б09,2024,август,8,48464,0.253,137,122,7,8,5.84,5.01,20.5,12.5,10.2,5,2,0,9.8,83.0,Развитие здравоохранения
МО-Б09,Регион Б,Район-Б09,2024,сентябрь,9,48464,0.253,40,38,0,2,5.0,4.68,24.3,13.9,14.5,7,0,0,9.7,76.0,Развитие здравоохранения
МО-Б09,Регион Б,Район-Б09,2024,октябрь,10,48464,0.253,316,284,16,16,5.06,4.59,23.4,19.6,14.1,4,2,1,9.5,80.2,Развитие здравоохранения
МО-Б09,Регион Б,Район-Б09,2024,ноябрь,11,48464,0.253,40,37,1,2,5.0,4.69,21.6,14.2,10.6,4,1,0,8.4,74.3,Развитие здравоохранения
МО-Б09,Регион Б,Район-Б09,2024,декабрь,12,48464,0.253,299,274,6,19,6.35,4.99,23.1,21.0,16.5,9,2,0,8.6,86.8,Развитие здравоохранения
МО-Б10,Регион Б,Район-Б10,2022,январь,1,113229,0.31,40,37,0,3,7.5,,13.7,15.2,8.0,8,3,1,11.2,46.0,Развитие здравоохранения
МО-Б10,Регион Б,Район-Б10,2022,февраль,2,113229,0.31,695,600,34,61,8.78,,17.2,11.2,6.8,11,2,1,7.4,50.1,Развитие здравоохранения
МО-Б10,Регион Б,Район-Б10,2022,март,3,113229,0.31,651,586,23,42,6.45,,16.4,10.1,11.6,13,4,1,9.0,61.6,Развитие здравоохранения
МО-Б10,Регион Б,Район-Б10,2022,апрель,4,113229,0.31,566,502,26,38,6.71,,17.9,12.1,10.5,12,2,0,6.8,53.7,Развитие здравоохранения
МО-Б10,Регион Б,Район-Б10,2022,май,5,113229,0.31,611,553,16,42,6.87,,14.1,14.3,10.4,11,2,0,11.0,50.1,Развитие здравоохранения
МО-Б10,Регион Б,Район-Б10,2022,июнь,6,113229,0.31,720,643,15,62,8.61,,17.1,11.9,9.4,10,1,0,5.8,65.2,Развитие здравоохранения
МО-Б10,Регион Б,Район-Б10,2022,июль,7,113229,0.31,745,661,23,61,8.19,,14.0,10.7,13.2,7,2,0,9.6,61.6,Развитие здравоохранения
МО-Б10,Регион Б,Район-Б10,2022,август,8,113229,0.31,1213,1083,38,92,7.58,,14.1,15.3,11.6,11,2,0,11.1,53.6,Развитие здравоохранения
МО-Б10,Регион Б,Район-Б10,2022,сентябрь,9,113229,0.31,489,422,25,42,8.59,,14.7,13.8,11.6,10,3,1,8.5,57.1,Развитие здравоохранения
МО-Б10,Регион Б,Район-Б10,2022,октябрь,10,113229,0.31,1599,1427,59,113,7.07,,15.7,11.0,9.7,14,2,1,8.8,60.4,Развитие здравоохранения
МО-Б10,Регион Б,Район-Б10,2022,ноябрь,11,113229,0.31,1483,1290,88,105,7.08,,19.5,11.8,9.7,9,3,0,8.2,64.3,Развитие здравоохранения
МО-Б10,Регион Б,Район-Б10,2022,декабрь,12,113229,0.31,213,186,7,20,9.39,,19.0,8.5,8.5,10,3,0,6.8,49.6,Развитие здравоохранения
МО-Б10,Регион Б,Район-Б10,2023,январь,1,113229,0.31,135,117,7,11,8.15,5.72,17.6,10.1,12.5,12,2,0,10.2,69.2,Развитие здравоохранения
МО-Б10,Регион Б,Район-Б10,2023,февраль,2,113229,0.31,860,744,48,68,7.91,5.68,15.7,15.7,9.2,10,3,0,6.4,33.2,Развитие здравоохранения
МО-Б10,Регион Б,Район-Б10,2023,март,3,113229,0.31,40,37,1,2,5.0,5.5,14.0,15.3,8.7,12,2,0,6.3,51.4,Развитие здравоохранения
МО-Б10,Регион Б,Район-Б10,2023,апрель,4,113229,0.31,576,529,12,35,6.08,5.97,18.6,12.9,7.5,8,1,1,9.5,65.4,Развитие здравоохранения
МО-Б10,Регион Б,Район-Б10,2023,май,5,113229,0.31,40,36,2,2,5.0,5.71,16.3,9.5,6.9,10,2,0,8.3,50.9,Развитие здравоохранения
МО-Б10,Регион Б,Район-Б10,2023,июнь,6,113229,0.31,433,391,12,30,6.93,5.49,14.8,9.0,7.0,11,3,0,7.6,56.0,Развитие здравоохранения
МО-Б10,Регион Б,Район-Б10,2023,июль,7,113229,0.31,61,55,2,4,6.56,5.02,17.0,9.8,11.1,14,1,0,7.3,64.3,Развитие здравоохранения
МО-Б10,Регион Б,Район-Б10,2023,август,8,113229,0.31,374,344,7,23,6.15,5.2,17.7,15.6,8.3,11,1,1,10.2,57.4,Развитие здравоохранения
МО-Б10,Регион Б,Район-Б10,2023,сентябрь,9,113229,0.31,361,318,19,24,6.65,5.08,17.2,12.7,13.5,13,2,0,12.9,65.3,Развитие здравоохранения
МО-Б10,Регион Б,Район-Б10,2023,октябрь,10,113229,0.31,40,37,1,2,5.0,5.62,18.3,14.9,7.1,12,1,0,9.6,66.7,Развитие здравоохранения
МО-Б10,Регион Б,Район-Б10,2023,ноябрь,11,113229,0.31,1197,1061,49,87,7.27,6.0,13.7,14.2,12.9,11,3,0,8.7,56.2,Развитие здравоохранения
МО-Б10,Регион Б,Район-Б10,2023,декабрь,12,113229,0.31,386,341,19,26,6.74,5.04,17.3,12.5,13.4,18,2,1,10.2,44.4,Развитие здравоохранения
МО-Б10,Регион Б,Район-Б10,2024,январь,1,113229,0.31,40,36,1,3,7.5,5.68,14.6,13.2,12.3,12,3,0,7.6,54.6,Развитие здравоохранения
МО-Б10,Регион Б,Район-Б10,2024,февраль,2,113229,0.31,40,37,1,2,5.0,5.3,13.6,12.3,8.9,12,2,0,8.3,60.0,Развитие здравоохранения
МО-Б10,Регион Б,Район-Б10,2024,март,3,113229,0.31,256,226,11,19,7.42,5.61,19.4,16.6,10.4,5,4,0,9.5,61.6,Развитие здравоохранения
МО-Б10,Регион Б,Район-Б10,2024,апрель,4,113229,0.31,40,38,0,2,5.0,5.49,16.7,15.1,11.1,13,3,0,9.6,61.6,Развитие здравоохранения
МО-Б10,Регион Б,Район-Б10,2024,май,5,113229,0.31,309,272,13,24,7.77,5.09,19.5,16.1,14.5,10,3,0,7.7,52.0,Развитие здравоохранения
МО-Б10,Регион Б,Район-Б10,2024,июнь,6,113229,0.31,40,35,2,3,7.5,5.47,14.3,9.2,14.8,10,4,0,6.7,53.8,Развитие здравоохранения
МО-Б10,Регион Б,Район-Б10,2024,июль,7,113229,0.31,1643,1426,86,131,7.97,5.9,19.7,16.0,14.1,10,2,0,8.8,55.8,Развитие здравоохранения
МО-Б10,Регион Б,Район-Б10,2024,август,8,113229,0.31,765,668,43,54,7.06,5.6,16.2,12.5,10.3,9,3,0,9.2,53.6,Развитие здравоохранения
МО-Б10,Регион Б,Район-Б10,2024,сентябрь,9,113229,0.31,991,898,23,70,7.06,5.89,18.9,11.5,7.4,11,2,0,8.4,60.7,Развитие здравоохранения
МО-Б10,Регион Б,Район-Б10,2024,октябрь,10,113229,0.31,1029,908,44,77,7.48,5.84,17.3,11.8,14.2,14,3,1,5.9,73.0,Развитие здравоохранения
МО-Б10,Регион Б,Район-Б10,2024,ноябрь,11,113229,0.31,40,38,0,2,5.0,5.04,15.6,14.2,8.8,7,3,0,7.5,61.9,Развитие здравоохранения
МО-Б10,Регион Б,Район-Б10,2024,декабрь,12,113229,0.31,1545,1376,41,128,8.28,5.3,19.2,14.0,11.3,12,2,1,11.5,75.3,Развитие здравоохранения
МО-Б11,Регион Б,Район-Б11,2022,январь,1,102543,0.273,40,37,1,2,5.0,,27.0,24.1,22.1,5,1,0,8.4,70.5,Развитие здравоохранения
МО-Б11,Регион Б,Район-Б11,2022,февраль,2,102543,0.273,345,312,13,20,5.8,,23.6,13.6,10.4,8,1,0,12.2,88.0,Развитие здравоохранения
МО-Б11,Регион Б,Район-Б11,2022,март,3,102543,0.273,40,37,1,2,5.0,,21.7,19.2,17.6,9,1,0,7.7,65.4,Развитие здравоохранения
МО-Б11,Регион Б,Район-Б11,2022,апрель,4,102543,0.273,40,37,1,2,5.0,,25.4,25.4,19.8,7,0,0,7.7,78.2,Развитие здравоохранения
МО-Б11,Регион Б,Район-Б11,2022,май,5,102543,0.273,740,655,32,53,7.16,,28.2,22.0,14.8,7,1,0,11.7,50.7,Развитие здравоохранения
МО-Б11,Регион Б,Район-Б11,2022,июнь,6,102543,0.273,909,812,44,53,5.83,,29.6,17.1,22.8,4,2,0,8.9,78.2,Развитие здравоохранения
МО-Б11,Регион Б,Район-Б11,2022,июль,7,102543,0.273,40,36,2,2,5.0,,23.3,16.6,12.1,10,2,0,9.4,71.8,Развитие здравоохранения
МО-Б11,Регион Б,Район-Б11,2022,август,8,102543,0.273,489,441,17,31,6.34,,21.1,22.4,16.4,8,3,0,9.7,62.5,Развитие здравоохранения
МО-Б11,Регион Б,Район-Б11,2022,сентябрь,9,102543,0.273,307,273,12,22,7.17,,30.2,22.1,21.3,9,0,0,10.1,82.2,Развитие здравоохранения
МО-Б11,Регион Б,Район-Б11,2022,октябрь,10,102543,0.273,260,227,13,20,7.69,,26.8,24.5,18.2,9,2,0,8.2,68.6,Развитие здравоохранения
МО-Б11,Регион Б,Район-Б11,2022,ноябрь,11,102543,0.273,472,418,21,33,6.99,,25.0,24.7,15.1,5,0,1,10.7,76.4,Развитие здравоохранения
МО-Б11,Регион Б,Район-Б11,2022,декабрь,12,102543,0.273,310,278,13,19,6.13,,27.8,21.5,11.0,8,1,0,8.1,86.2,Развитие здравоохранения
МО-Б11,Регион Б,Район-Б11,2023,январь,1,102543,0.273,40,38,0,2,5.0,4.33,27.4,13.6,20.9,9,0,0,9.9,71.0,Развитие здравоохранения
МО-Б11,Регион Б,Район-Б11,2023,февраль,2,102543,0.273,134,122,3,9,6.72,4.72,23.1,17.5,10.9,9,1,0,7.7,63.2,Развитие здравоохранения
МО-Б11,Регион Б,Район-Б11,2023,март,3,102543,0.273,254,229,10,15,5.91,4.42,23.4,17.6,15.0,8,2,0,9.4,59.9,Развитие здравоохранения
МО-Б11,Регион Б,Район-Б11,2023,апрель,4,102543,0.273,40,36,2,2,5.0,4.49,20.6,22.9,14.2,8,0,0,9.6,58.6,Развитие здравоохранения
МО-Б11,Регион Б,Район-Б11,2023,май,5,102543,0.273,862,779,27,56,6.5,4.55,22.7,22.8,20.5,5,2,0,10.4,63.0,Развитие здравоохранения
МО-Б11,Регион Б,Район-Б11,2023,июнь,6,102543,0.273,658,580,35,43,6.53,4.42,24.7,21.7,10.9,3,1,0,8.7,68.4,Развитие здравоохранения
МО-Б11,Регион Б,Район-Б11,2023,июль,7,102543,0.273,1087,982,28,77,7.08,4.43,22.2,16.5,22.5,8,2,0,11.2,59.9,Развитие здравоохранения
МО-Б11,Регион Б,Район-Б11,2023,август,8,102543,0.273,40,37,1,2,5.0,4.61,21.5,15.0,19.3,7,2,0,11.3,65.6,Развитие здравоохранения
МО-Б11,Регион Б,Район-Б11,2023,сентябрь,9,102543,0.273,951,860,33,58,6.1,4.31,28.2,25.3,10.4,6,0,0,7.7,85.0,Развитие здравоохранения
МО-Б11,Регион Б,Район-Б11,2023,октябрь,10,102543,0.273,609,552,16,41,6.73,4.8,30.1,18.5,20.3,7,3,0,5.0,88.7,Развитие здравоохранения
МО-Б11,Регион Б,Район-Б11,2023,ноябрь,11,102543,0.273,40,36,2,2,5.0,4.32,27.9,24.5,10.9,8,1,0,9.7,67.7,Развитие здравоохранения
МО-Б11,Регион Б,Район-Б11,2023,декабрь,12,102543,0.273,406,364,14,28,6.9,4.94,20.9,19.9,22.7,9,1,0,9.4,75.9,Развитие здравоохранения
МО-Б11,Регион Б,Район-Б11,2024,январь,1,102543,0.273,245,217,12,16,6.53,4.71,29.4,17.4,19.8,8,2,0,8.8,71.5,Развитие здравоохранения
МО-Б11,Регион Б,Район-Б11,2024,февраль,2,102543,0.273,174,157,5,12,6.9,4.39,22.5,24.0,11.6,8,2,0,9.2,60.3,Развитие здравоохранения
МО-Б11,Регион Б,Район-Б11,2024,март,3,102543,0.273,429,377,25,27,6.29,4.88,26.8,23.2,11.3,4,0,0,9.7,69.3,Развитие здравоохранения
МО-Б11,Регион Б,Район-Б11,2024,апрель,4,102543,0.273,143,129,5,9,6.29,4.28,29.3,19.9,15.1,9,1,0,7.2,81.0,Развитие здравоохранения
МО-Б11,Регион Б,Район-Б11,2024,май,5,102543,0.273,239,213,10,16,6.69,4.61,23.0,13.3,14.4,6,1,0,7.5,60.5,Развитие здравоохранения
МО-Б11,Регион Б,Район-Б11,2024,июнь,6,102543,0.273,446,408,11,27,6.05,4.82,22.8,23.6,21.5,10,3,0,11.3,58.5,Развитие здравоохранения
МО-Б11,Регион Б,Район-Б11,2024,июль,7,102543,0.273,304,272,10,22,7.24,4.69,23.4,24.3,21.0,4,1,0,9.5,87.9,Развитие здравоохранения
МО-Б11,Регион Б,Район-Б11,2024,август,8,102543,0.273,725,644,38,43,5.93,4.45,25.9,17.4,11.1,6,1,0,9.0,64.1,Развитие здравоохранения
МО-Б11,Регион Б,Район-Б11,2024,сентябрь,9,102543,0.273,1118,987,58,73,6.53,4.87,22.9,20.4,12.1,7,0,0,7.9,55.5,Развитие здравоохранения
МО-Б11,Регион Б,Район-Б11,2024,октябрь,10,102543,0.273,256,232,9,15,5.86,4.79,25.7,14.8,21.6,3,1,0,10.9,73.3,Развитие здравоохранения
МО-Б11,Регион Б,Район-Б11,2024,ноябрь,11,102543,0.273,100,91,3,6,6.0,4.67,21.9,17.6,10.7,6,3,1,7.5,60.2,Развитие здравоохранения
МО-Б11,Регион Б,Район-Б11,2024,декабрь,12,102543,0.273,54,48,3,3,5.56,5.01,27.1,20.4,12.3,8,1,1,12.8,88.8,Развитие здравоохранения
МО-Б12,Регион Б,Район-Б12,2022,январь,1,75207,0.361,800,699,42,59,7.38,,22.0,14.6,16.6,7,0,0,9.9,71.2,Развитие здравоохранения
МО-Б12,Регион Б,Район-Б12,2022,февраль,2,75207,0.361,453,409,9,35,7.73,,16.6,17.6,7.6,7,1,0,7.3,61.5,Развитие здравоохранения
МО-Б12,Регион Б,Район-Б12,2022,март,3,75207,0.361,628,551,26,51,8.12,,20.9,13.8,11.1,6,2,0,7.6,73.8,Развитие здравоохранения
МО-Б12,Регион Б,Район-Б12,2022,апрель,4,75207,0.361,340,301,14,25,7.35,,21.9,15.4,13.4,6,3,0,9.7,70.5,Развитие здравоохранения
МО-Б12,Регион Б,Район-Б12,2022,май,5,75207,0.361,40,36,1,3,7.5,,17.2,17.4,13.0,9,2,0,9.0,62.0,Развитие здравоохранения
МО-Б12,Регион Б,Район-Б12,2022,июнь,6,75207,0.361,260,233,7,20,7.69,,17.7,16.9,16.3,7,3,0,7.5,62.8,Развитие здравоохранения
МО-Б12,Регион Б,Район-Б12,2022,июль,7,75207,0.361,821,713,38,70,8.53,,18.1,10.2,7.6,8,0,0,7.8,65.4,Развитие здравоохранения
МО-Б12,Регион Б,Район-Б12,2022,август,8,75207,0.361,858,768,26,64,7.46,,21.0,14.4,8.4,10,0,0,5.9,59.0,Развитие здравоохранения
МО-Б12,Регион Б,Район-Б12,2022,сентябрь,9,75207,0.361,40,35,2,3,7.5,,18.1,14.4,10.2,8,2,1,6.1,57.6,Развитие здравоохранения
МО-Б12,Регион Б,Район-Б12,2022,октябрь,10,75207,0.361,527,464,21,42,7.97,,19.1,14.2,13.4,10,2,0,7.1,53.2,Развитие здравоохранения
МО-Б12,Регион Б,Район-Б12,2022,ноябрь,11,75207,0.361,279,248,10,21,7.53,,17.6,17.2,12.8,7,2,0,7.4,59.1,Развитие здравоохранения
МО-Б12,Регион Б,Район-Б12,2022,декабрь,12,75207,0.361,438,386,15,37,8.45,,21.3,15.2,12.9,7,2,0,12.1,69.0,Развитие здравоохранения
МО-Б12,Регион Б,Район-Б12,2023,январь,1,75207,0.361,212,183,11,18,8.49,5.13,16.0,10.0,11.8,7,1,0,9.6,56.6,Развитие здравоохранения
МО-Б12,Регион Б,Район-Б12,2023,февраль,2,75207,0.361,40,36,1,3,7.5,5.05,19.4,16.6,8.4,8,1,0,6.9,62.0,Развитие здравоохранения
МО-Б12,Регион Б,Район-Б12,2023,март,3,75207,0.361,40,36,1,3,7.5,4.93,16.0,18.1,10.6,6,1,0,9.2,43.7,Развитие здравоохранения
МО-Б12,Регион Б,Район-Б12,2023,апрель,4,75207,0.361,502,451,15,36,7.17,4.89,21.1,12.6,10.2,7,0,0,6.9,79.3,Развитие здравоохранения
МО-Б12,Регион Б,Район-Б12,2023,май,5,75207,0.361,759,674,40,45,5.93,5.12,21.1,16.0,7.6,10,1,0,5.3,77.4,Развитие здравоохранения
МО-Б12,Регион Б,Район-Б12,2023,июнь,6,75207,0.361,561,497,21,43,7.66,4.97,15.9,17.2,11.9,6,2,0,6.8,56.2,Развитие здравоохранения
МО-Б12,Регион Б,Район-Б12,2023,июль,7,75207,0.361,131,120,3,8,6.11,5.28,22.0,17.0,9.2,4,1,0,8.1,72.3,Развитие здравоохранения
МО-Б12,Регион Б,Район-Б12,2023,август,8,75207,0.361,40,35,2,3,7.5,5.56,17.7,13.8,8.0,8,1,1,6.8,43.1,Развитие здравоохранения
МО-Б12,Регион Б,Район-Б12,2023,сентябрь,9,75207,0.361,663,583,29,51,7.69,5.61,21.5,10.3,15.1,9,2,0,10.7,75.3,Развитие здравоохранения
МО-Б12,Регион Б,Район-Б12,2023,октябрь,10,75207,0.361,240,211,12,17,7.08,4.81,19.2,11.2,7.8,6,2,0,7.9,65.1,Развитие здравоохранения
МО-Б12,Регион Б,Район-Б12,2023,ноябрь,11,75207,0.361,529,460,31,38,7.18,4.84,18.7,16.7,12.7,7,1,0,8.3,59.0,Развитие здравоохранения
МО-Б12,Регион Б,Район-Б12,2023,декабрь,12,75207,0.361,40,36,1,3,7.5,5.63,18.0,10.6,9.9,7,3,0,5.9,68.7,Развитие здравоохранения
МО-Б12,Регион Б,Район-Б12,2024,январь,1,75207,0.361,896,806,22,68,7.59,5.23,20.9,16.9,8.2,7,3,0,9.1,69.0,Развитие здравоохранения
МО-Б12,Регион Б,Район-Б12,2024,февраль,2,75207,0.361,586,515,26,45,7.68,4.98,16.3,13.7,10.2,8,3,0,7.8,50.9,Развитие здравоохранения
МО-Б12,Регион Б,Район-Б12,2024,март,3,75207,0.361,40,36,2,2,5.0,4.91,18.9,13.1,10.0,7,1,0,7.1,65.6,Развитие здравоохранения
МО-Б12,Регион Б,Район-Б12,2024,апрель,4,75207,0.361,40,35,2,3,7.5,5.7,18.7,14.4,16.5,6,1,0,10.4,56.2,Развитие здравоохранения
МО-Б12,Регион Б,Район-Б12,2024,май,5,75207,0.361,40,37,1,2,5.0,4.8,17.4,13.5,11.6,5,1,0,6.7,69.7,Развитие здравоохранения
МО-Б12,Регион Б,Район-Б12,2024,июнь,6,75207,0.361,40,37,1,2,5.0,4.94,21.1,14.9,12.5,9,1,1,9.4,72.5,Развитие здравоохранения
МО-Б12,Регион Б,Район-Б12,2024,июль,7,75207,0.361,61,55,2,4,6.56,5.66,15.7,10.1,8.4,4,2,0,11.7,71.7,Развитие здравоохранения
МО-Б12,Регион Б,Район-Б12,2024,август,8,75207,0.361,583,513,33,37,6.35,5.45,15.3,15.9,9.0,8,3,0,7.3,62.2,Развитие здравоохранения
МО-Б12,Регион Б,Район-Б12,2024,сентябрь,9,75207,0.361,610,553,14,43,7.05,4.93,14.9,10.1,8.7,3,1,0,8.5,47.4,Развитие здравоохранения
МО-Б12,Регион Б,Район-Б12,2024,октябрь,10,75207,0.361,342,310,12,20,5.85,5.58,21.8,10.1,8.5,7,2,1,9.3,82.7,Развитие здравоохранения
МО-Б12,Регион Б,Район-Б12,2024,ноябрь,11,75207,0.361,787,708,23,56,7.12,5.4,19.5,9.6,10.1,7,3,0,8.2,51.8,Развитие здравоохранения
МО-Б12,Регион Б,Район-Б12,2024,декабрь,12,75207,0.361,485,421,27,37,7.63,5.47,19.3,12.7,7.7,6,2,1,8.2,64.4,Развитие здравоохранения
